"Case","Input","Found","Length","Replay","Instructions","Cycles","SimulatorMs","Pass","Failure"
"1","12345672121232","1","11","1","23348545","23348545","1041","True",""
"2","12345672123212","1","11","1","22383303","22383303","1018","True",""
"3","12345672321212","1","11","1","23497425","23497425","1054","True",""
"4","12345673131323","1","11","1","22692783","22692783","1022","True",""
"5","12345673132313","1","11","1","26857655","26857655","1196","True",""
"6","12345673231313","1","11","1","26100027","26100027","1157","True",""
"7","12345761111111","1","11","1","15723057","15723057","700","True",""
"8","12346571111231","1","11","1","11636862","11636862","523","True",""
"9","12346751113133","1","11","1","16199905","16199905","740","True",""
"10","12347561112212","1","11","1","14834165","14834165","661","True",""
"11","12347651111111","1","11","1","24610403","24610403","1230","True",""
"12","12347651122112","1","11","1","15224277","15224277","672","True",""
"13","12347651133311","1","11","1","13875884","13875884","629","True",""
"14","12347652111221","1","11","1","12504230","12504230","569","True",""
"15","12347652123233","1","11","1","14793746","14793746","674","True",""
"16","12347652123332","1","11","1","18234197","18234197","826","True",""
"17","12347652223232","1","11","1","13799874","13799874","634","True",""
"18","12347653111133","1","11","1","14730469","14730469","667","True",""
"19","12347653132223","1","11","1","12598278","12598278","564","True",""
"20","12347653132322","1","11","1","12311290","12311290","565","True",""
"21","12347653332323","1","11","1","13874351","13874351","629","True",""
"22","12354671111111","1","11","1","17360416","17360416","781","True",""
"23","12354761112323","1","11","1","22971414","22971414","1072","True",""
"24","12354762121112","1","11","1","16354620","16354620","756","True",""
"25","12354762121211","1","11","1","17773268","17773268","796","True",""
"26","12354762311123","1","11","1","13356406","13356406","624","True",""
"27","12354763131131","1","11","1","14880244","14880244","671","True",""
"28","12354763133111","1","11","1","13521213","13521213","624","True",""
"29","12354763211123","1","11","1","15836850","15836850","737","True",""
"30","12356471113133","1","11","1","14305835","14305835","662","True",""
"31","12356741133131","1","11","1","19400209","19400209","864","True",""
"32","12356741313131","1","11","1","20198187","20198187","924","True",""
"33","12356743113131","1","11","1","20318259","20318259","918","True",""
"34","12357461111222","1","11","1","15683845","15683845","708","True",""
"35","12357461113331","1","11","1","15090925","15090925","688","True",""
"36","12357462211112","1","11","1","15545631","15545631","695","True",""
"37","12357641113331","1","11","1","14639297","14639297","677","True",""
"38","12364571112212","1","11","1","16323097","16323097","737","True",""
"39","12364751112212","1","11","1","13990919","13990919","629","True",""
"40","12364751113133","1","11","1","14713040","14713040","671","True",""
"41","12364753311131","1","11","1","14122969","14122969","669","True",""
"42","12365471111111","1","11","1","17337719","17337719","794","True",""
"43","12365471211122","1","11","1","14685072","14685072","683","True",""
"44","12365471313113","1","11","1","12161409","12161409","582","True",""
"45","12365472223232","1","11","1","13611428","13611428","665","True",""
"46","12365472321233","1","11","1","15720482","15720482","735","True",""
"47","12365473232312","1","11","1","12369271","12369271","581","True",""
"48","12365473332323","1","11","1","12414944","12414944","581","True",""
"49","12365741113331","1","11","1","14794950","14794950","709","True",""
"50","12367451123333","1","11","1","21824500","21824500","968","True",""
"51","12367451132222","1","11","1","19883450","19883450","912","True",""
"52","12367451213333","1","11","1","21165487","21165487","955","True",""
"53","12367451312222","1","11","1","25884300","25884300","1200","True",""
"54","12367452113333","1","11","1","23403534","23403534","1079","True",""
"55","12367453112222","1","11","1","21096522","21096522","965","True",""
"56","12367541112212","1","11","1","18297471","18297471","851","True",""
"57","12367541113331","1","11","1","20967875","20967875","947","True",""
"58","12367541331131","1","11","1","13428195","13428195","617","True",""
"59","12374561121212","1","11","1","20246306","20246306","933","True",""
"60","12374561211212","1","11","1","19931704","19931704","895","True",""
"61","12374562111212","1","11","1","23664658","23664658","1057","True",""
"62","12374651111222","1","11","1","16394177","16394177","769","True",""
"63","12375461111222","1","11","1","15840889","15840889","777","True",""
"64","12375641113112","1","11","1","14972581","14972581","683","True",""
"65","12376451111222","1","11","1","16680779","16680779","772","True",""
"66","12376451113133","1","11","1","15927232","15927232","780","True",""
"67","12376451221211","1","11","1","13737978","13737978","664","True",""
"68","12376541112323","1","11","1","16606605","16606605","790","True",""
"69","12376541232233","1","11","1","19664968","19664968","904","True",""
"70","12376541322233","1","11","1","13628901","13628901","634","True",""
"71","12376542121232","1","11","1","15169059","15169059","696","True",""
"72","12376542123212","1","11","1","13989989","13989989","647","True",""
"73","12376543133132","1","11","1","12225426","12225426","558","True",""
"74","12376543133231","1","11","1","12154822","12154822","543","True",""
"75","12456731132321","1","11","1","22170713","22170713","982","True",""
"76","12456731233223","1","11","1","13158730","13158730","582","True",""
"77","12456733223321","1","11","1","13246056","13246056","577","True",""
"78","12463751231231","1","11","1","13992697","13992697","629","True",""
"79","12467351131121","1","11","1","14006567","14006567","628","True",""
"80","12467351231321","1","11","1","12132583","12132583","526","True",""
"81","12473561132123","1","11","1","13334400","13334400","569","True",""
"82","12536741112323","1","11","1","14360157","14360157","636","True",""
"83","12537461332112","1","11","1","13372880","13372880","577","True",""
"84","12543671111111","1","11","1","17830734","17830734","771","True",""
"85","12543671211212","1","11","1","13895231","13895231","597","True",""
"86","12543671331113","1","11","1","12747733","12747733","584","True",""
"87","12543672121121","1","11","1","13015422","13015422","565","True",""
"88","12543672321332","1","11","1","13451301","13451301","594","True",""
"89","12543672322232","1","11","1","13036842","13036842","573","True",""
"90","12543672331232","1","11","1","12359517","12359517","544","True",""
"91","12543673111331","1","11","1","12702046","12702046","566","True",""
"92","12543673221323","1","11","1","13312812","13312812","603","True",""
"93","12543673231223","1","11","1","12744179","12744179","558","True",""
"94","12543673233323","1","11","1","16185637","16185637","728","True",""
"95","12546371221331","1","11","1","13276135","13276135","591","True",""
"96","12563472131213","1","11","1","16514557","16514557","736","True",""
"97","12563473131212","1","11","1","15479167","15479167","696","True",""
"98","12564733323122","1","11","1","12707214","12707214","557","True",""
"99","12567433232333","1","11","1","13203569","13203569","585","True",""
"100","12576343212221","1","11","1","16276501","16276501","704","True",""
"101","12637451132111","1","11","1","15621968","15621968","665","True",""
"102","12637451332112","1","11","1","11723811","11723811","532","True",""
"103","12643571321321","1","11","1","12897316","12897316","574","True",""
"104","12645371131121","1","11","1","14473439","14473439","648","True",""
"105","12673542331133","1","11","1","17868372","17868372","796","True",""
"106","12734561112323","1","11","1","14278295","14278295","621","True",""
"107","12734561322233","1","11","1","12589807","12589807","560","True",""
"108","12734562313223","1","11","1","12068991","12068991","540","True",""
"109","12745631111111","1","11","1","42202028","42202028","1785","True",""
"110","12745632111122","1","11","1","13883599","13883599","594","True",""
"111","12745632212213","1","11","1","16378830","16378830","704","True",""
"112","12745632222221","1","11","1","13310779","13310779","590","True",""
"113","12745632232211","1","11","1","15828667","15828667","675","True",""
"114","12745633131131","1","11","1","14836419","14836419","655","True",""
"115","12745633313312","1","11","1","12985322","12985322","578","True",""
"116","12745633313333","1","11","1","13842291","13842291","626","True",""
"117","12745633323311","1","11","1","13153666","13153666","607","True",""
"118","12753462231323","1","11","1","14834463","14834463","697","True",""
"119","12763452322232","1","11","1","13389967","13389967","584","True",""
"120","12765432121313","1","11","1","15058643","15058643","662","True",""
"121","12765432222212","1","11","1","22785586","22785586","1022","True",""
"122","12765433121213","1","11","1","17083001","17083001","794","True",""
"123","12765433331333","1","11","1","15609205","15609205","777","True",""
"124","13245671321111","1","11","1","15093256","15093256","778","True",""
"125","13246571111111","1","11","1","19076795","19076795","869","True",""
"126","13246571112233","1","11","1","12843355","12843355","614","True",""
"127","13246571113232","1","11","1","19907985","19907985","973","True",""
"128","13246572321332","1","11","1","15081965","15081965","725","True",""
"129","13246572331232","1","11","1","13627392","13627392","641","True",""
"130","13246573221233","1","11","1","14090448","14090448","673","True",""
"131","13246573321223","1","11","1","14363705","14363705","683","True",""
"132","13246752133211","1","11","1","17513120","17513120","805","True",""
"133","13247563212131","1","11","1","15611867","15611867","729","True",""
"134","13254761322233","1","11","1","14856013","14856013","699","True",""
"135","13254761323322","1","11","1","12761647","12761647","593","True",""
"136","13254762321233","1","11","1","17648007","17648007","792","True",""
"137","13254763323122","1","11","1","15102039","15102039","700","True",""
"138","13257641112233","1","11","1","12975242","12975242","648","True",""
"139","13265741112323","1","11","1","21435250","21435250","990","True",""
"140","13265742131312","1","11","1","18317031","18317031","910","True",""
"141","13267451122211","1","11","1","15929141","15929141","779","True",""
"142","13267451311133","1","11","1","13358672","13358672","644","True",""
"143","13267541111132","1","11","1","17005278","17005278","772","True",""
"144","13267541232212","1","11","1","15511068","15511068","732","True",""
"145","13274651112323","1","11","1","18922675","18922675","860","True",""
"146","13275461112233","1","11","1","14280688","14280688","647","True",""
"147","13275463213211","1","11","1","14119461","14119461","658","True",""
"148","13275641112233","1","11","1","17251003","17251003","817","True",""
"149","13275641112323","1","11","1","21448458","21448458","949","True",""
"150","13275642131333","1","11","1","16270509","16270509","752","True",""
"151","13275643212221","1","11","1","17420782","17420782","791","True",""
"152","13276451113211","1","11","1","18740917","18740917","838","True",""
"153","13276451233133","1","11","1","18645472","18645472","863","True",""
"154","13276541133122","1","11","1","13838614","13838614","626","True",""
"155","13276541213312","1","11","1","18595561","18595561","820","True",""
"156","13276541321123","1","11","1","13882435","13882435","636","True",""
"157","13276541322311","1","11","1","17874615","17874615","812","True",""
"158","13276541323112","1","11","1","11678852","11678852","534","True",""
"159","13276541323322","1","11","1","12185496","12185496","547","True",""
"160","13276542323312","1","11","1","13908251","13908251","652","True",""
"161","13276543323122","1","11","1","13446593","13446593","616","True",""
"162","13462571111111","1","11","1","15001162","15001162","693","True",""
"163","13462572213311","1","11","1","12485639","12485639","588","True",""
"164","13527461211113","1","11","1","14894145","14894145","661","True",""
"165","13542671231231","1","11","1","11909150","11909150","583","True",""
"166","13546271213213","1","11","1","13320572","13320572","618","True",""
"167","13546271231231","1","11","1","17167831","17167831","793","True",""
"168","13546271321321","1","11","1","14753022","14753022","696","True",""
"169","13572641122133","1","11","1","18945813","18945813","890","True",""
"170","13576241312213","1","11","1","18478909","18478909","823","True",""
"171","13576241321321","1","11","1","14827474","14827474","657","True",""
"172","13627451332112","1","11","1","13218579","13218579","585","True",""
"173","13642571221223","1","11","1","17569919","17569919","786","True",""
"174","13642571223221","1","11","1","17537719","17537719","800","True",""
"175","13642573221221","1","11","1","19880855","19880855","884","True",""
"176","13645271221331","1","11","1","12344567","12344567","560","True",""
"177","13647521111111","1","11","1","14466215","14466215","655","True",""
"178","13675241112323","1","11","1","15834070","15834070","728","True",""
"179","13675242331313","1","11","1","14247571","14247571","668","True",""
"180","13725642332132","1","11","1","14652994","14652994","696","True",""
"181","13754262123323","1","11","1","28249450","28249450","1296","True",""
"182","13762451321321","1","11","1","12359970","12359970","589","True",""
"183","13764251211311","1","11","1","11361001","11361001","524","True",""
"184","13764252323231","1","11","1","13149013","13149013","594","True",""
"185","13765422121211","1","11","1","17607673","17607673","831","True",""
"186","14263751131121","1","11","1","13266561","13266561","617","True",""
"187","14267351321321","1","11","1","13421312","13421312","646","True",""
"188","14275633323122","1","11","1","14303119","14303119","644","True",""
"189","14325671111111","1","11","1","49003073","49003073","2267","True",""
"190","14325672112121","1","11","1","12999873","12999873","596","True",""
"191","14325672231323","1","11","1","13455509","13455509","607","True",""
"192","14325672323222","1","11","1","13128508","13128508","622","True",""
"193","14325673123232","1","11","1","13419525","13419525","636","True",""
"194","14325673232333","1","11","1","12604907","12604907","611","True",""
"195","14325673311131","1","11","1","15273105","15273105","698","True",""
"196","14327652131213","1","11","1","14626978","14626978","700","True",""
"197","14327653121213","1","11","1","15556585","15556585","729","True",""
"198","14352672212111","1","11","1","14005479","14005479","660","True",""
"199","14356721112323","1","11","1","14561388","14561388","677","True",""
"200","14356721322233","1","11","1","17027074","17027074","782","True",""
"201","14367252322232","1","11","1","13477850","13477850","620","True",""
"202","14367523311113","1","11","1","23685319","23685319","1086","True",""
"203","14523672121313","1","11","1","15036259","15036259","684","True",""
"204","14523673121312","1","11","1","18141556","18141556","830","True",""
"205","14527631121311","1","11","1","13948861","13948861","642","True",""
"206","14527631131211","1","11","1","13437445","13437445","615","True",""
"207","14527631133311","1","11","1","12979147","12979147","589","True",""
"208","14527631211131","1","11","1","14683182","14683182","691","True",""
"209","14527631311121","1","11","1","14480792","14480792","659","True",""
"210","14527632122213","1","11","1","14619630","14619630","661","True",""
"211","14527632212111","1","11","1","14855785","14855785","677","True",""
"212","14527632333332","1","11","1","17485802","17485802","796","True",""
"213","14527633132322","1","11","1","13563253","13563253","616","True",""
"214","14527633312133","1","11","1","13977514","13977514","646","True",""
"215","14536273311311","1","11","1","15632432","15632432","723","True",""
"216","14537622231323","1","11","1","13794645","13794645","649","True",""
"217","14563272323222","1","11","1","12729310","12729310","593","True",""
"218","14567231312213","1","11","1","18491520","18491520","847","True",""
"219","14567231321123","1","11","1","15796424","15796424","846","True",""
"220","14573261333111","1","11","1","15069006","15069006","777","True",""
"221","14625731111111","1","11","1","18837882","18837882","964","True",""
"222","14625731131121","1","11","1","14961195","14961195","709","True",""
"223","14625731322233","1","11","1","13487104","13487104","731","True",""
"224","14625732112121","1","11","1","14169463","14169463","655","True",""
"225","14625732113321","1","11","1","15802687","15802687","798","True",""
"226","14625732213323","1","11","1","13336495","13336495","622","True",""
"227","14625732233111","1","11","1","14671471","14671471","669","True",""
"228","14625733133111","1","11","1","13212009","13212009","583","True",""
"229","14632571111111","1","11","1","23065097","23065097","1050","True",""
"230","14632571321132","1","11","1","13613237","13613237","611","True",""
"231","14652733321331","1","11","1","14706922","14706922","660","True",""
"232","14673251111111","1","11","1","18379375","18379375","864","True",""
"233","14723651111213","1","11","1","13318690","13318690","592","True",""
"234","14723651111312","1","11","1","16933957","16933957","772","True",""
"235","14723651112131","1","11","1","13422797","13422797","749","True",""
"236","14723651113121","1","11","1","12867358","12867358","602","True",""
"237","14723651211212","1","11","1","12250708","12250708","599","True",""
"238","14723652322121","1","11","1","11421451","11421451","512","True",""
"239","14723652331232","1","11","1","14088148","14088148","664","True",""
"240","14723653232222","1","11","1","12798446","12798446","579","True",""
"241","14723653313111","1","11","1","13272284","13272284","606","True",""
"242","14723653321313","1","11","1","16243900","16243900","738","True",""
"243","14725361111111","1","11","1","15241609","15241609","689","True",""
"244","14725361111123","1","11","1","13277617","13277617","628","True",""
"245","14725361322332","1","11","1","14252754","14252754","650","True",""
"246","14725362211121","1","11","1","16503748","16503748","742","True",""
"247","14725363211213","1","11","1","12888976","12888976","606","True",""
"248","14725363213121","1","11","1","12492899","12492899","589","True",""
"249","14725363223213","1","11","1","13137814","13137814","702","True",""
"250","14725363311113","1","11","1","16809434","16809434","746","True",""
"251","14726531223122","1","11","1","14634999","14634999","694","True",""
"252","14726531232122","1","11","1","14660013","14660013","677","True",""
"253","14726531233313","1","11","1","13056050","13056050","627","True",""
"254","14726531333312","1","11","1","12149702","12149702","546","True",""
"255","14726532232313","1","11","1","15094092","15094092","689","True",""
"256","14726533323122","1","11","1","12765569","12765569","580","True",""
"257","14735621221112","1","11","1","13180761","13180761","639","True",""
"258","14735621223113","1","11","1","12164300","12164300","581","True",""
"259","14735621223332","1","11","1","19256987","19256987","888","True",""
"260","14735621233112","1","11","1","16204277","16204277","762","True",""
"261","14735621323112","1","11","1","15424650","15424650","711","True",""
"262","14735621332112","1","11","1","11944899","11944899","561","True",""
"263","14735621333111","1","11","1","12747564","12747564","595","True",""
"264","14735621333222","1","11","1","11945875","11945875","564","True",""
"265","14736251111132","1","11","1","14272474","14272474","656","True",""
"266","14736251112332","1","11","1","13138038","13138038","597","True",""
"267","14736253222223","1","11","1","13308570","13308570","611","True",""
"268","14736521132222","1","11","1","14420834","14420834","648","True",""
"269","14736521133131","1","11","1","14220949","14220949","631","True",""
"270","14736521211212","1","11","1","13633526","13633526","626","True",""
"271","14736521213333","1","11","1","13958484","13958484","642","True",""
"272","14736521221313","1","11","1","14433892","14433892","672","True",""
"273","14736521321231","1","11","1","19536987","19536987","911","True",""
"274","14736521322233","1","11","1","13028602","13028602","659","True",""
"275","14736521332121","1","11","1","16408458","16408458","761","True",""
"276","14736523112222","1","11","1","14500268","14500268","667","True",""
"277","14736523113131","1","11","1","13667658","13667658","628","True",""
"278","14752363222121","1","11","1","12560307","12560307","568","True",""
"279","14752363232222","1","11","1","16168340","16168340","712","True",""
"280","14752363233131","1","11","1","14392507","14392507","640","True",""
"281","14752631111111","1","11","1","17853954","17853954","807","True",""
"282","14752631112311","1","11","1","14813971","14813971","669","True",""
"283","14752631323223","1","11","1","13129868","13129868","594","True",""
"284","14752632332132","1","11","1","12690323","12690323","597","True",""
"285","14752633213223","1","11","1","12926581","12926581","638","True",""
"286","14752633222223","1","11","1","13783984","13783984","623","True",""
"287","14752633223123","1","11","1","13341236","13341236","605","True",""
"288","14752633223231","1","11","1","14480597","14480597","655","True",""
"289","14753261221112","1","11","1","13064261","13064261","586","True",""
"290","14753261323112","1","11","1","16214887","16214887","730","True",""
"291","14753261333111","1","11","1","13092371","13092371","585","True",""
"292","14762351221331","1","11","1","15018062","15018062","680","True",""
"293","14762351321231","1","11","1","16114751","16114751","711","True",""
"294","14762351331221","1","11","1","12310243","12310243","561","True",""
"295","14763251221223","1","11","1","23072727","23072727","1036","True",""
"296","14763251222312","1","11","1","21432156","21432156","944","True",""
"297","14763251332331","1","11","1","20231554","20231554","889","True",""
"298","14763251333123","1","11","1","19117682","19117682","860","True",""
"299","14763252322121","1","11","1","18538876","18538876","838","True",""
"300","14763253132232","1","11","1","18210193","18210193","811","True",""
"301","14763253133132","1","11","1","18193929","18193929","812","True",""
"302","14763253133222","1","11","1","19719571","19719571","883","True",""
"303","14763253133231","1","11","1","19081691","19081691","843","True",""
"304","14763253221221","1","11","1","18353816","18353816","825","True",""
"305","14763253222112","1","11","1","21046226","21046226","945","True",""
"306","14763521113211","1","11","1","14507012","14507012","660","True",""
"307","14763521113223","1","11","1","13258559","13258559","600","True",""
"308","14763523222331","1","11","1","11185146","11185146","546","True",""
"309","14765231111213","1","11","1","14349537","14349537","658","True",""
"310","14765231111312","1","11","1","14966676","14966676","702","True",""
"311","14765231112131","1","11","1","13982712","13982712","631","True",""
"312","14765231113121","1","11","1","12788162","12788162","585","True",""
"313","14765231133131","1","11","1","12920746","12920746","573","True",""
"314","14765232211211","1","11","1","13184004","13184004","603","True",""
"315","14765232232322","1","11","1","13076362","13076362","599","True",""
"316","14765232331313","1","11","1","13101095","13101095","597","True",""
"317","14765233113131","1","11","1","12356835","12356835","579","True",""
"318","14765233323332","1","11","1","13189184","13189184","611","True",""
"319","15236471111111","1","11","1","16942875","16942875","760","True",""
"320","15236473231121","1","11","1","11809753","11809753","545","True",""
"321","15243671331221","1","11","1","13262605","13262605","612","True",""
"322","15246371331332","1","11","1","18271487","18271487","823","True",""
"323","15246371332331","1","11","1","17679307","17679307","863","True",""
"324","15246372331331","1","11","1","17463905","17463905","803","True",""
"325","15267431223113","1","11","1","13312235","13312235","656","True",""
"326","15273641112323","1","11","1","16542529","16542529","764","True",""
"327","15324673113311","1","11","1","22736289","22736289","1035","True",""
"328","15342671211311","1","11","1","11360648","11360648","533","True",""
"329","15346271321321","1","11","1","12173319","12173319","568","True",""
"330","15367421211113","1","11","1","16148114","16148114","722","True",""
"331","15367421223113","1","11","1","12039317","12039317","541","True",""
"332","15367423211123","1","11","1","13965600","13965600","656","True",""
"333","15426371111111","1","11","1","15008353","15008353","683","True",""
"334","15426371112233","1","11","1","13233475","13233475","588","True",""
"335","15463271313113","1","11","1","14719245","14719245","702","True",""
"336","15624732123212","1","11","1","17960523","17960523","809","True",""
"337","15624732133313","1","11","1","14969102","14969102","672","True",""
"338","15624732333332","1","11","1","14058431","14058431","648","True",""
"339","15627431223113","1","11","1","12039086","12039086","575","True",""
"340","15627431322113","1","11","1","16510438","16510438","751","True",""
"341","15627431332112","1","11","1","12272496","12272496","586","True",""
"342","15634722123332","1","11","1","19096044","19096044","852","True",""
"343","15634722321233","1","11","1","13853847","13853847","652","True",""
"344","15637423211123","1","11","1","15576593","15576593","723","True",""
"345","15642371111111","1","11","1","31811205","31811205","1471","True",""
"346","15642372213311","1","11","1","13640312","13640312","634","True",""
"347","15642372231332","1","11","1","14053783","14053783","670","True",""
"348","15642372331322","1","11","1","13086812","13086812","620","True",""
"349","15642373212311","1","11","1","13367665","13367665","624","True",""
"350","15642373221323","1","11","1","14178898","14178898","656","True",""
"351","15642373231223","1","11","1","16041139","16041139","743","True",""
"352","15643271221331","1","11","1","12912042","12912042","608","True",""
"353","15643271331221","1","11","1","13702697","13702697","646","True",""
"354","15643273223111","1","11","1","12142563","12142563","543","True",""
"355","15647233213232","1","11","1","12123866","12123866","566","True",""
"356","15672341113232","1","11","1","15662697","15662697","711","True",""
"357","15672341323112","1","11","1","12419563","12419563","584","True",""
"358","15672342323312","1","11","1","14288806","14288806","687","True",""
"359","15672343213232","1","11","1","12132914","12132914","596","True",""
"360","15672433312133","1","11","1","17135905","17135905","834","True",""
"361","15724362212132","1","11","1","16546461","16546461","775","True",""
"362","15724631111111","1","11","1","15525830","15525830","750","True",""
"363","15724631211311","1","11","1","12643325","12643325","588","True",""
"364","15724631322233","1","11","1","14285546","14285546","667","True",""
"365","15724632123233","1","11","1","17870018","17870018","849","True",""
"366","15724632313223","1","11","1","13218139","13218139","648","True",""
"367","15724632323231","1","11","1","14662677","14662677","693","True",""
"368","15724632323333","1","11","1","14565832","14565832","676","True",""
"369","15724633132322","1","11","1","12247593","12247593","561","True",""
"370","15734622331223","1","11","1","14643838","14643838","685","True",""
"371","15746321111111","1","11","1","19566586","19566586","913","True",""
"372","15746321323211","1","11","1","11700756","11700756","526","True",""
"373","15746322313112","1","11","1","10988051","10988051","534","True",""
"374","15762342122213","1","11","1","20364092","20364092","964","True",""
"375","15763241111111","1","11","1","17374032","17374032","800","True",""
"376","15763242323132","1","11","1","12439543","12439543","707","True",""
"377","16243571132132","1","11","1","12394176","12394176","599","True",""
"378","16243571231231","1","11","1","13374074","13374074","623","True",""
"379","16243571321321","1","11","1","12818329","12818329","574","True",""
"380","16245371231231","1","11","1","13862206","13862206","656","True",""
"381","16254733312223","1","11","1","23964274","23964274","1115","True",""
"382","16257431132111","1","11","1","14111811","14111811","647","True",""
"383","16257433223123","1","11","1","11959739","11959739","554","True",""
"384","16273541122133","1","11","1","20261073","20261073","933","True",""
"385","16273541321321","1","11","1","17905651","17905651","830","True",""
"386","16275341312213","1","11","1","16875006","16875006","813","True",""
"387","16275343122221","1","11","1","13823265","13823265","623","True",""
"388","16327453232333","1","11","1","12975223","12975223","615","True",""
"389","16342571331221","1","11","1","13712041","13712041","622","True",""
"390","16345271111111","1","11","1","29667830","29667830","1342","True",""
"391","16345271133131","1","11","1","13361466","13361466","615","True",""
"392","16345271222111","1","11","1","14583050","14583050","661","True",""
"393","16345272322232","1","11","1","14090587","14090587","652","True",""
"394","16345272333212","1","11","1","12826549","12826549","587","True",""
"395","16345273122323","1","11","1","15641578","15641578","701","True",""
"396","16345273233323","1","11","1","16783022","16783022","769","True",""
"397","16347252131312","1","11","1","18928219","18928219","849","True",""
"398","16347253121312","1","11","1","17912703","17912703","817","True",""
"399","16357421223113","1","11","1","13829684","13829684","632","True",""
"400","16374521112323","1","11","1","14637495","14637495","700","True",""
"401","16374523211123","1","11","1","13031574","13031574","607","True",""
"402","16423572112121","1","11","1","15522559","15522559","717","True",""
"403","16427531211311","1","11","1","12461217","12461217","565","True",""
"404","16427531231321","1","11","1","13747723","13747723","642","True",""
"405","16427532333233","1","11","1","22656010","22656010","1069","True",""
"406","16453271111111","1","11","1","18803379","18803379","851","True",""
"407","16453271211113","1","11","1","12561876","12561876","590","True",""
"408","16453272111131","1","11","1","12701305","12701305","565","True",""
"409","16475233132313","1","11","1","18726285","18726285","855","True",""
"410","16523473332323","1","11","1","12883675","12883675","567","True",""
"411","16523741112212","1","11","1","15090707","15090707","674","True",""
"412","16524731112212","1","11","1","17434424","17434424","772","True",""
"413","16524731112233","1","11","1","14980630","14980630","692","True",""
"414","16524731113133","1","11","1","14822672","14822672","679","True",""
"415","16527341111111","1","11","1","14726665","14726665","688","True",""
"416","16527431123333","1","11","1","21843536","21843536","982","True",""
"417","16527431222132","1","11","1","22703717","22703717","1012","True",""
"418","16527431312222","1","11","1","24635021","24635021","1118","True",""
"419","16527431333213","1","11","1","19502381","19502381","882","True",""
"420","16527432113333","1","11","1","19789795","19789795","886","True",""
"421","16527432211322","1","11","1","22837956","22837956","1043","True",""
"422","16527432231122","1","11","1","20531795","20531795","909","True",""
"423","16527432231332","1","11","1","19593448","19593448","890","True",""
"424","16527432331322","1","11","1","20935203","20935203","939","True",""
"425","16527432333113","1","11","1","20380011","20380011","960","True",""
"426","16527433312133","1","11","1","20002127","20002127","914","True",""
"427","16532471111222","1","11","1","16723367","16723367","762","True",""
"428","16534271111111","1","11","1","16528684","16528684","776","True",""
"429","16534271111132","1","11","1","12333407","12333407","555","True",""
"430","16534273211111","1","11","1","15497686","15497686","697","True",""
"431","16534723211123","1","11","1","20255882","20255882","909","True",""
"432","16537421111222","1","11","1","13662735","13662735","633","True",""
"433","16537421113322","1","11","1","13791427","13791427","635","True",""
"434","16537421113331","1","11","1","14512536","14512536","655","True",""
"435","16537421223113","1","11","1","12040966","12040966","555","True",""
"436","16537421233112","1","11","1","16936957","16936957","749","True",""
"437","16537421332112","1","11","1","12198318","12198318","592","True",""
"438","16542371221331","1","11","1","11477558","11477558","520","True",""
"439","16542371331221","1","11","1","12717852","12717852","594","True",""
"440","16542372112331","1","11","1","17709005","17709005","777","True",""
"441","16543271221223","1","11","1","24219500","24219500","1079","True",""
"442","16543271223221","1","11","1","18040215","18040215","804","True",""
"443","16543271331332","1","11","1","19555725","19555725","864","True",""
"444","16543271332331","1","11","1","19745595","19745595","884","True",""
"445","16543272331331","1","11","1","18277979","18277979","826","True",""
"446","16543273221221","1","11","1","19496931","19496931","886","True",""
"447","16543721111111","1","11","1","15089107","15089107","672","True",""
"448","16543721113211","1","11","1","12367600","12367600","576","True",""
"449","16547233332323","1","11","1","14227886","14227886","633","True",""
"450","16547321113331","1","11","1","17813285","17813285","802","True",""
"451","16572431111111","1","11","1","17074798","17074798","785","True",""
"452","16572433213223","1","11","1","12282925","12282925","558","True",""
"453","16573241123123","1","11","1","14361323","14361323","679","True",""
"454","16573241312312","1","11","1","12923985","12923985","575","True",""
"455","16574231113133","1","11","1","15164354","15164354","691","True",""
"456","16723451122133","1","11","1","15208951","15208951","721","True",""
"457","16723451322311","1","11","1","13477254","13477254","624","True",""
"458","16725431121311","1","11","1","12880038","12880038","634","True",""
"459","16725431131211","1","11","1","13293924","13293924","626","True",""
"460","16725431211122","1","11","1","13411626","13411626","643","True",""
"461","16725431211131","1","11","1","16491313","16491313","779","True",""
"462","16725431311121","1","11","1","12465517","12465517","588","True",""
"463","16725432211121","1","11","1","14756068","14756068","665","True",""
"464","16725432232223","1","11","1","12954620","12954620","604","True",""
"465","16725433113311","1","11","1","13281303","13281303","638","True",""
"466","16725433122212","1","11","1","12541438","12541438","590","True",""
"467","16725433333232","1","11","1","11933219","11933219","555","True",""
"468","16735242122213","1","11","1","17944440","17944440","841","True",""
"469","16742352232313","1","11","1","15985500","15985500","737","True",""
"470","16743252323222","1","11","1","13081189","13081189","618","True",""
"471","16745232121313","1","11","1","15317152","15317152","703","True",""
"472","16745232122222","1","11","1","14240666","14240666","646","True",""
"473","16745233121213","1","11","1","14067812","14067812","632","True",""
"474","16745233333313","1","11","1","20386481","20386481","900","True",""
"475","16753241221112","1","11","1","15523294","15523294","702","True",""
"476","17246351111111","1","11","1","14667927","14667927","657","True",""
"477","17265433111313","1","11","1","22322550","22322550","1005","True",""
"478","17324561211323","1","11","1","15430553","15430553","722","True",""
"479","17324561232332","1","11","1","11239998","11239998","504","True",""
"480","17326452212111","1","11","1","23713485","23713485","1075","True",""
"481","17356241212313","1","11","1","11432090","11432090","542","True",""
"482","17356242211331","1","11","1","18120884","18120884","812","True",""
"483","17362451211311","1","11","1","11225107","11225107","525","True",""
"484","17362451231321","1","11","1","12615971","12615971","575","True",""
"485","17362452213311","1","11","1","19403426","19403426","857","True",""
"486","17364251231231","1","11","1","15056728","15056728","685","True",""
"487","17423653213232","1","11","1","12769193","12769193","588","True",""
"488","17425631122112","1","11","1","13715283","13715283","613","True",""
"489","17425631223113","1","11","1","12297394","12297394","555","True",""
"490","17425631313113","1","11","1","13342568","13342568","618","True",""
"491","17425631322113","1","11","1","15700178","15700178","713","True",""
"492","17425631322332","1","11","1","18449606","18449606","818","True",""
"493","17425631323112","1","11","1","15880471","15880471","710","True",""
"494","17425631323223","1","11","1","12920862","12920862","609","True",""
"495","17425631332112","1","11","1","12610234","12610234","572","True",""
"496","17426531112233","1","11","1","13700474","13700474","624","True",""
"497","17426531121212","1","11","1","15436948","15436948","698","True",""
"498","17426531132312","1","11","1","15109360","15109360","683","True",""
"499","17426531213123","1","11","1","16465556","16465556","730","True",""
"500","17426531223221","1","11","1","12121282","12121282","562","True",""
"501","17426531232233","1","11","1","19256058","19256058","849","True",""
"502","17426531313131","1","11","1","15490181","15490181","691","True",""
"503","17426531331332","1","11","1","12716789","12716789","569","True",""
"504","17426532121211","1","11","1","14087384","14087384","667","True",""
"505","17426532331331","1","11","1","13954439","13954439","631","True",""
"506","17435622211133","1","11","1","18493587","18493587","835","True",""
"507","17435623211123","1","11","1","19920416","19920416","901","True",""
"508","17436521323232","1","11","1","12153487","12153487","572","True",""
"509","17452363213232","1","11","1","12260067","12260067","563","True",""
"510","17452363322132","1","11","1","12345034","12345034","556","True",""
"511","17452633213232","1","11","1","15835740","15835740","723","True",""
"512","17453262211133","1","11","1","14061138","14061138","628","True",""
"513","17462352213311","1","11","1","14621962","14621962","653","True",""
"514","17463251122112","1","11","1","13542610","13542610","618","True",""
"515","17463251221331","1","11","1","11418679","11418679","533","True",""
"516","17463251313113","1","11","1","13148435","13148435","593","True",""
"517","17463251321231","1","11","1","14200489","14200489","640","True",""
"518","17463251323112","1","11","1","16205623","16205623","742","True",""
"519","17463251331221","1","11","1","12129849","12129849","557","True",""
"520","17526431131121","1","11","1","13622834","13622834","620","True",""
"521","17526431231321","1","11","1","14349190","14349190","659","True",""
"522","17526432123233","1","11","1","18991707","18991707","856","True",""
"523","17543261111111","1","11","1","19372733","19372733","894","True",""
"524","17543261132111","1","11","1","12334221","12334221","575","True",""
"525","17642531111111","1","11","1","14622717","14622717","678","True",""
"526","17642531112233","1","11","1","17554830","17554830","773","True",""
"527","17642533312211","1","11","1","12494542","12494542","572","True",""
"528","17643251122112","1","11","1","14797993","14797993","667","True",""
"529","21345671111111","1","11","1","18232235","18232235","804","True",""
"530","21345762223322","1","11","1","21802721","21802721","983","True",""
"531","21345762312323","1","11","1","17227256","17227256","829","True",""
"532","21345762313223","1","11","1","15489360","15489360","704","True",""
"533","21345763332233","1","11","1","16616057","16616057","751","True",""
"534","21346752313322","1","11","1","18532079","18532079","833","True",""
"535","21347562312323","1","11","1","23192747","23192747","1049","True",""
"536","21354671122112","1","11","1","13529966","13529966","612","True",""
"537","21354671131313","1","11","1","16672243","16672243","761","True",""
"538","21354671221112","1","11","1","13760564","13760564","623","True",""
"539","21354672311123","1","11","1","15248011","15248011","679","True",""
"540","21354672311132","1","11","1","16716930","16716930","737","True",""
"541","21354672313211","1","11","1","47304317","47304317","2083","True",""
"542","21354673131113","1","11","1","16586625","16586625","754","True",""
"543","21354761112233","1","11","1","14149606","14149606","679","True",""
"544","21354761112311","1","11","1","13205410","13205410","598","True",""
"545","21354761113211","1","11","1","14649091","14649091","651","True",""
"546","21354761113322","1","11","1","13410193","13410193","628","True",""
"547","21354761122211","1","11","1","17587188","17587188","802","True",""
"548","21354761133311","1","11","1","14755799","14755799","668","True",""
"549","21354762213311","1","11","1","12352322","12352322","566","True",""
"550","21354763312211","1","11","1","13195366","13195366","594","True",""
"551","21357462311111","1","11","1","18278692","18278692","823","True",""
"552","21357463213331","1","11","1","16909135","16909135","763","True",""
"553","21357642221132","1","11","1","17622280","17622280","781","True",""
"554","21364752311111","1","11","1","15818698","15818698","732","True",""
"555","21364753212212","1","11","1","14895922","14895922","656","True",""
"556","21365742221312","1","11","1","12914552","12914552","600","True",""
"557","21365742312323","1","11","1","15632073","15632073","707","True",""
"558","21367451311331","1","11","1","13398679","13398679","589","True",""
"559","21367452112112","1","11","1","13159821","13159821","586","True",""
"560","21374653333121","1","11","1","14653920","14653920","677","True",""
"561","21375462312233","1","11","1","14364740","14364740","660","True",""
"562","21375463333211","1","11","1","15579422","15579422","679","True",""
"563","21376541111123","1","11","1","14057229","14057229","618","True",""
"564","21376541112311","1","11","1","13572073","13572073","619","True",""
"565","21376541122211","1","11","1","18459804","18459804","820","True",""
"566","21376541131133","1","11","1","14371544","14371544","662","True",""
"567","21457631321123","1","11","1","19160486","19160486","857","True",""
"568","21473563331312","1","11","1","17127590","17127590","766","True",""
"569","21536742222131","1","11","1","16881126","16881126","757","True",""
"570","21654372231323","1","11","1","14845993","14845993","650","True",""
"571","21654372233321","1","11","1","13557882","13557882","611","True",""
"572","21654373332122","1","11","1","13343499","13343499","605","True",""
"573","21654373332221","1","11","1","13247491","13247491","590","True",""
"574","21734652123131","1","11","1","13017579","13017579","583","True",""
"575","23147562123131","1","11","1","18841448","18841448","842","True",""
"576","23147651112323","1","11","1","15542567","15542567","705","True",""
"577","23147652312323","1","11","1","13549875","13549875","604","True",""
"578","23156471222132","1","11","1","14570433","14570433","642","True",""
"579","23156471333132","1","11","1","12345074","12345074","587","True",""
"580","23156473323332","1","11","1","13702003","13702003","621","True",""
"581","23157461231333","1","11","1","15453587","15453587","684","True",""
"582","23157462131123","1","11","1","19276660","19276660","867","True",""
"583","23164573213133","1","11","1","15450480","15450480","679","True",""
"584","23164752131312","1","11","1","14747427","14747427","679","True",""
"585","23164753333313","1","11","1","14352736","14352736","666","True",""
"586","23165471111111","1","11","1","15594267","15594267","690","True",""
"587","23165471311133","1","11","1","14094574","14094574","637","True",""
"588","23165471312132","1","11","1","13111802","13111802","592","True",""
"589","23165472111122","1","11","1","14711433","14711433","674","True",""
"590","23165472111332","1","11","1","12585574","12585574","566","True",""
"591","23165472132332","1","11","1","14476932","14476932","647","True",""
"592","23165472311111","1","11","1","13478581","13478581","631","True",""
"593","23165473233221","1","11","1","15953107","15953107","709","True",""
"594","23165741112323","1","11","1","19547353","19547353","895","True",""
"595","23165741231312","1","11","1","17790350","17790350","801","True",""
"596","23165742123131","1","11","1","17648117","17648117","794","True",""
"597","23165742131321","1","11","1","21748934","21748934","1000","True",""
"598","23165742131333","1","11","1","25440210","25440210","1146","True",""
"599","23165742312323","1","11","1","17605707","17605707","807","True",""
"600","23165743331312","1","11","1","25507906","25507906","1127","True",""
"601","23167541233322","1","11","1","14797802","14797802","661","True",""
"602","23167542131222","1","11","1","14640135","14640135","679","True",""
"603","23174652123131","1","11","1","15316268","15316268","697","True",""
"604","23175463211222","1","11","1","15997539","15997539","723","True",""
"605","23176452132221","1","11","1","14730947","14730947","670","True",""
"606","23176453332233","1","11","1","15675530","15675530","697","True",""
"607","23416752121211","1","11","1","19811076","19811076","898","True",""
"608","23417563232123","1","11","1","13088012","13088012","602","True",""
"609","23456173212332","1","11","1","11393016","11393016","507","True",""
"610","23456173233122","1","11","1","14545231","14545231","667","True",""
"611","23456713212332","1","11","1","11847495","11847495","562","True",""
"612","23475162121112","1","11","1","18555360","18555360","848","True",""
"613","23517462131333","1","11","1","19973270","19973270","880","True",""
"614","23576412233321","1","11","1","13218723","13218723","608","True",""
"615","23576412312323","1","11","1","12687516","12687516","584","True",""
"616","23657142121112","1","11","1","20110112","20110112","899","True",""
"617","23671452122333","1","11","1","27682577","27682577","1245","True",""
"618","23674153232321","1","11","1","11978587","11978587","537","True",""
"619","23751461132123","1","11","1","11442693","11442693","534","True",""
"620","23751463112321","1","11","1","11570093","11570093","533","True",""
"621","23756143222331","1","11","1","14444739","14444739","646","True",""
"622","23756411222312","1","11","1","17861804","17861804","815","True",""
"623","23756413222112","1","11","1","18671941","18671941","843","True",""
"624","23756413223312","1","11","1","17904780","17904780","804","True",""
"625","23756413322312","1","11","1","18750914","18750914","837","True",""
"626","24153672321233","1","11","1","14666935","14666935","676","True",""
"627","24157361313212","1","11","1","13384835","13384835","596","True",""
"628","24157362323111","1","11","1","13191478","13191478","625","True",""
"629","24167353132232","1","11","1","19375048","19375048","854","True",""
"630","24173652323231","1","11","1","12211146","12211146","573","True",""
"631","24315673311311","1","11","1","23137921","23137921","1020","True",""
"632","24315761122322","1","11","1","16095086","16095086","724","True",""
"633","24315762213323","1","11","1","14691109","14691109","675","True",""
"634","24351671212211","1","11","1","18436893","18436893","846","True",""
"635","24351673111133","1","11","1","18763401","18763401","823","True",""
"636","24351673311311","1","11","1","21721380","21721380","976","True",""
"637","24351761111123","1","11","1","22235795","22235795","998","True",""
"638","24351761212232","1","11","1","15688500","15688500","709","True",""
"639","24367511323112","1","11","1","16409674","16409674","760","True",""
"640","24367513111121","1","11","1","12273139","12273139","569","True",""
"641","24376512222122","1","11","1","20131344","20131344","917","True",""
"642","24516732233111","1","11","1","14986595","14986595","669","True",""
"643","24531673123121","1","11","1","16773364","16773364","804","True",""
"644","24536713231232","1","11","1","14939261","14939261","666","True",""
"645","24537613231322","1","11","1","19416171","19416171","877","True",""
"646","24561372111131","1","11","1","14641686","14641686","649","True",""
"647","24563711121212","1","11","1","18603231","18603231","848","True",""
"648","24563712121232","1","11","1","18749734","18749734","818","True",""
"649","24563713121222","1","11","1","24038532","24038532","1110","True",""
"650","24571362221213","1","11","1","17338502","17338502","771","True",""
"651","24571631121212","1","11","1","17289054","17289054","773","True",""
"652","24615371112332","1","11","1","13887162","13887162","637","True",""
"653","24615372213311","1","11","1","26329688","26329688","1183","True",""
"654","24615731122313","1","11","1","18270955","18270955","819","True",""
"655","24615731132333","1","11","1","25030113","25030113","1142","True",""
"656","24615732111323","1","11","1","22093594","22093594","975","True",""
"657","24615732213311","1","11","1","15078646","15078646","701","True",""
"658","24615732233321","1","11","1","17923176","17923176","810","True",""
"659","24615733113323","1","11","1","25746287","25746287","1163","True",""
"660","24615733311122","1","11","1","15724516","15724516","730","True",""
"661","24617532233321","1","11","1","20000796","20000796","887","True",""
"662","24637512311132","1","11","1","18739972","18739972","840","True",""
"663","24651731113223","1","11","1","14627614","14627614","648","True",""
"664","24651731333333","1","11","1","13174377","13174377","626","True",""
"665","24715363311332","1","11","1","15779388","15779388","722","True",""
"666","24715631111111","1","11","1","16645294","16645294","745","True",""
"667","24715631122121","1","11","1","16534880","16534880","758","True",""
"668","24715631122133","1","11","1","13312601","13312601","610","True",""
"669","24715632313223","1","11","1","12072245","12072245","554","True",""
"670","24715633112111","1","11","1","11878923","11878923","545","True",""
"671","24715633131131","1","11","1","16114325","16114325","723","True",""
"672","24716532323231","1","11","1","18711433","18711433","846","True",""
"673","24731561111111","1","11","1","23263134","23263134","1042","True",""
"674","24731562311231","1","11","1","13543128","13543128","602","True",""
"675","24736512222332","1","11","1","19464260","19464260","879","True",""
"676","24751362221231","1","11","1","24090682","24090682","1082","True",""
"677","24751362321113","1","11","1","29025263","29025263","1292","True",""
"678","24761531221223","1","11","1","18842536","18842536","834","True",""
"679","24763151111111","1","11","1","15534665","15534665","691","True",""
"680","24765313222112","1","11","1","15879166","15879166","716","True",""
"681","25134672233321","1","11","1","13104766","13104766","590","True",""
"682","25134672312323","1","11","1","12587438","12587438","573","True",""
"683","25134672313211","1","11","1","16868534","16868534","745","True",""
"684","25137461111111","1","11","1","16958973","16958973","753","True",""
"685","25137461211323","1","11","1","11677977","11677977","549","True",""
"686","25163741112323","1","11","1","15439974","15439974","688","True",""
"687","25314673111313","1","11","1","31484556","31484556","1385","True",""
"688","25314673111331","1","11","1","30081215","30081215","1368","True",""
"689","25314673131311","1","11","1","31102096","31102096","1438","True",""
"690","25341673113311","1","11","1","25991883","25991883","1175","True",""
"691","25341762313223","1","11","1","21984025","21984025","990","True",""
"692","25364172311231","1","11","1","23986499","23986499","1070","True",""
"693","25364173223231","1","11","1","11345246","11345246","527","True",""
"694","25367411211122","1","11","1","16047733","16047733","715","True",""
"695","25413672323111","1","11","1","24150661","24150661","1070","True",""
"696","25413763121222","1","11","1","16784227","16784227","747","True",""
"697","25436711311313","1","11","1","14188353","14188353","632","True",""
"698","25436712123122","1","11","1","13194446","13194446","613","True",""
"699","25436712123332","1","11","1","14612797","14612797","653","True",""
"700","25436712132122","1","11","1","14456182","14456182","666","True",""
"701","25436712323231","1","11","1","13184210","13184210","623","True",""
"702","25436713232321","1","11","1","14179555","14179555","650","True",""
"703","25436713332122","1","11","1","13441774","13441774","636","True",""
"704","25463713212332","1","11","1","14896641","14896641","664","True",""
"705","25471362323132","1","11","1","14054825","14054825","647","True",""
"706","25471631312213","1","11","1","21152912","21152912","937","True",""
"707","25631741212121","1","11","1","25929830","25929830","1166","True",""
"708","25634713321232","1","11","1","16338610","16338610","741","True",""
"709","25641371213132","1","11","1","15774014","15774014","695","True",""
"710","25714632123131","1","11","1","16830554","16830554","761","True",""
"711","25714632223331","1","11","1","14931408","14931408","707","True",""
"712","25714632313211","1","11","1","41736295","41736295","1847","True",""
"713","25714633121333","1","11","1","16317378","16317378","755","True",""
"714","25716431212223","1","11","1","15716274","15716274","711","True",""
"715","25716433223213","1","11","1","14832176","14832176","709","True",""
"716","25731642232211","1","11","1","26096760","26096760","1163","True",""
"717","25734162221111","1","11","1","14803965","14803965","694","True",""
"718","25734613113323","1","11","1","20054785","20054785","901","True",""
"719","25736141111123","1","11","1","17804003","17804003","793","True",""
"720","25736141233232","1","11","1","16870391","16870391","762","True",""
"721","25736411133113","1","11","1","16086834","16086834","815","True",""
"722","25736411231321","1","11","1","14518534","14518534","679","True",""
"723","25736411321312","1","11","1","12381861","12381861","570","True",""
"724","25736411331113","1","11","1","15368865","15368865","695","True",""
"725","25736413123112","1","11","1","12902956","12902956","581","True",""
"726","25741361232113","1","11","1","17834981","17834981","791","True",""
"727","25741632222323","1","11","1","15054569","15054569","669","True",""
"728","25741632312323","1","11","1","13582662","13582662","607","True",""
"729","25743611233232","1","11","1","14065019","14065019","643","True",""
"730","25763142223133","1","11","1","17112121","17112121","763","True",""
"731","25763411332322","1","11","1","12986514","12986514","594","True",""
"732","26135742132221","1","11","1","16232990","16232990","756","True",""
"733","26135742213323","1","11","1","14959781","14959781","664","True",""
"734","26135742332312","1","11","1","15470993","15470993","694","True",""
"735","26153471122121","1","11","1","15236801","15236801","680","True",""
"736","26153473131131","1","11","1","13830759","13830759","635","True",""
"737","26153473132121","1","11","1","13492585","13492585","635","True",""
"738","26154372332213","1","11","1","29983331","29983331","1339","True",""
"739","26175432331133","1","11","1","16548506","16548506","737","True",""
"740","26317451212211","1","11","1","24007157","24007157","1071","True",""
"741","26345711223113","1","11","1","11196222","11196222","524","True",""
"742","26371453112111","1","11","1","13186457","13186457","654","True",""
"743","26415731322323","1","11","1","12989150","12989150","589","True",""
"744","26415732121223","1","11","1","12934118","12934118","606","True",""
"745","26415732233321","1","11","1","16035531","16035531","716","True",""
"746","26435712222122","1","11","1","23700488","23700488","1052","True",""
"747","26435712233321","1","11","1","17517461","17517461","784","True",""
"748","26435712311132","1","11","1","16714258","16714258","757","True",""
"749","26435712322322","1","11","1","22054129","22054129","963","True",""
"750","26435713311122","1","11","1","16506037","16506037","761","True",""
"751","26435713333133","1","11","1","20075464","20075464","897","True",""
"752","26437512122312","1","11","1","14735138","14735138","665","True",""
"753","26453172211133","1","11","1","16300883","16300883","749","True",""
"754","26453711333333","1","11","1","14675713","14675713","668","True",""
"755","26513471122121","1","11","1","15542448","15542448","698","True",""
"756","26517343333313","1","11","1","18926622","18926622","904","True",""
"757","26534713333313","1","11","1","20317579","20317579","904","True",""
"758","26543171111111","1","11","1","15377902","15377902","720","True",""
"759","26543171123111","1","11","1","12477380","12477380","566","True",""
"760","26547313131323","1","11","1","20277830","20277830","938","True",""
"761","26573413331312","1","11","1","16749370","16749370","737","True",""
"762","26714531212133","1","11","1","16223345","16223345","735","True",""
"763","26714532121133","1","11","1","17531257","17531257","801","True",""
"764","26715433231322","1","11","1","14951026","14951026","688","True",""
"765","26741351232113","1","11","1","12963477","12963477","593","True",""
"766","26743512121232","1","11","1","20255220","20255220","911","True",""
"767","27134561131133","1","11","1","15026490","15026490","675","True",""
"768","27154632311132","1","11","1","13509619","13509619","626","True",""
"769","27314652313211","1","11","1","16431332","16431332","742","True",""
"770","27365412321212","1","11","1","19562949","19562949","897","True",""
"771","27415363131113","1","11","1","18938673","18938673","859","True",""
"772","27415632323231","1","11","1","16197307","16197307","748","True",""
"773","27415633321322","1","11","1","19981708","19981708","906","True",""
"774","27416532133232","1","11","1","13474084","13474084","605","True",""
"775","27416533321232","1","11","1","16361450","16361450","735","True",""
"776","27435612122222","1","11","1","14536634","14536634","677","True",""
"777","27453161123111","1","11","1","12006741","12006741","537","True",""
"778","27453161132111","1","11","1","14090263","14090263","630","True",""
"779","27456133132223","1","11","1","15297305","15297305","698","True",""
"780","27516341111111","1","11","1","14791813","14791813","685","True",""
"781","27534161111111","1","11","1","14714712","14714712","678","True",""
"782","27534161111123","1","11","1","19554821","19554821","924","True",""
"783","27534162311111","1","11","1","13626232","13626232","639","True",""
"784","27534612311132","1","11","1","15941676","15941676","734","True",""
"785","27536412332312","1","11","1","14746925","14746925","694","True",""
"786","27543611111123","1","11","1","17301876","17301876","805","True",""
"787","27543611111132","1","11","1","12292715","12292715","584","True",""
"788","27546312231122","1","11","1","25946562","25946562","1159","True",""
"789","27613543333133","1","11","1","18977801","18977801","841","True",""
"790","27614353311332","1","11","1","16478942","16478942","724","True",""
"791","27615431312333","1","11","1","17944242","17944242","823","True",""
"792","27615432113321","1","11","1","18979247","18979247","843","True",""
"793","27615433313213","1","11","1","13198958","13198958","597","True",""
"794","27634511131133","1","11","1","14806187","14806187","660","True",""
"795","27634512233321","1","11","1","13862305","13862305","630","True",""
"796","27643513311233","1","11","1","21489707","21489707","949","True",""
"797","31246753312211","1","11","1","18315682","18315682","830","True",""
"798","31247651113232","1","11","1","13181644","13181644","595","True",""
"799","31247651323232","1","11","1","15561921","15561921","702","True",""
"800","31256471231222","1","11","1","14752366","14752366","670","True",""
"801","31257462222221","1","11","1","17575625","17575625","790","True",""
"802","31257462312311","1","11","1","14547855","14547855","650","True",""
"803","31257643311122","1","11","1","15292280","15292280","683","True",""
"804","31264572122213","1","11","1","15057946","15057946","674","True",""
"805","31264573132313","1","11","1","14485317","14485317","655","True",""
"806","31264573222223","1","11","1","14878763","14878763","665","True",""
"807","31264752132122","1","11","1","14976426","14976426","673","True",""
"808","31264752313121","1","11","1","15944624","15944624","724","True",""
"809","31265471111111","1","11","1","18941720","18941720","858","True",""
"810","31265471122112","1","11","1","13312311","13312311","617","True",""
"811","31265471122133","1","11","1","15233025","15233025","699","True",""
"812","31265471312213","1","11","1","13534927","13534927","622","True",""
"813","31265471313113","1","11","1","12570736","12570736","571","True",""
"814","31265471321111","1","11","1","11846235","11846235","528","True",""
"815","31265472233321","1","11","1","18998521","18998521","832","True",""
"816","31265472312233","1","11","1","13536184","13536184","603","True",""
"817","31265741233331","1","11","1","18719830","18719830","833","True",""
"818","31267542222233","1","11","1","17508590","17508590","782","True",""
"819","31267542313133","1","11","1","18986638","18986638","847","True",""
"820","31275461112233","1","11","1","19297142","19297142","869","True",""
"821","31275461322233","1","11","1","19485753","19485753","902","True",""
"822","31275462133211","1","11","1","16262948","16262948","724","True",""
"823","31275462223211","1","11","1","16337904","16337904","731","True",""
"824","31275462311213","1","11","1","17137380","17137380","765","True",""
"825","31275462312212","1","11","1","17304391","17304391","775","True",""
"826","31275463311122","1","11","1","18613592","18613592","826","True",""
"827","31276452133322","1","11","1","13412320","13412320","609","True",""
"828","31276452313313","1","11","1","15774464","15774464","700","True",""
"829","31452671323211","1","11","1","11155078","11155078","529","True",""
"830","31452671332232","1","11","1","11827810","11827810","530","True",""
"831","31452672322331","1","11","1","11883203","11883203","542","True",""
"832","31456722111221","1","11","1","14931698","14931698","661","True",""
"833","31462751111111","1","11","1","15985781","15985781","728","True",""
"834","31462751113322","1","11","1","13741534","13741534","623","True",""
"835","31475261322233","1","11","1","14364718","14364718","656","True",""
"836","31475262331313","1","11","1","17194913","17194913","780","True",""
"837","31475262333221","1","11","1","14293482","14293482","656","True",""
"838","31524673332122","1","11","1","20270148","20270148","897","True",""
"839","31527643332122","1","11","1","11965073","11965073","534","True",""
"840","31564272212111","1","11","1","22909666","22909666","1011","True",""
"841","31564272213311","1","11","1","13291104","13291104","618","True",""
"842","31564273113311","1","11","1","14515047","14515047","677","True",""
"843","31572461122133","1","11","1","14798505","14798505","677","True",""
"844","31624751112233","1","11","1","12593097","12593097","594","True",""
"845","31624753312211","1","11","1","12349227","12349227","581","True",""
"846","31627452221333","1","11","1","19056500","19056500","872","True",""
"847","31654272313322","1","11","1","20889709","20889709","928","True",""
"848","31754621331122","1","11","1","18374038","18374038","806","True",""
"849","31765242322121","1","11","1","17948793","17948793","800","True",""
"850","32145671111111","1","11","1","25164261","25164261","1121","True",""
"851","32145671123333","1","11","1","14506744","14506744","651","True",""
"852","32145671132222","1","11","1","13604131","13604131","620","True",""
"853","32145671221112","1","11","1","14588182","14588182","680","True",""
"854","32145671333333","1","11","1","14475774","14475774","655","True",""
"855","32145672113333","1","11","1","13638416","13638416","622","True",""
"856","32145672212222","1","11","1","13822268","13822268","627","True",""
"857","32145673112222","1","11","1","12337495","12337495","559","True",""
"858","32145673311113","1","11","1","14090948","14090948","634","True",""
"859","32146751232323","1","11","1","14009939","14009939","626","True",""
"860","32146752232223","1","11","1","17224844","17224844","776","True",""
"861","32147562313223","1","11","1","12354387","12354387","550","True",""
"862","32147562333233","1","11","1","22131406","22131406","988","True",""
"863","32147651123333","1","11","1","21585982","21585982","966","True",""
"864","32147651132222","1","11","1","19683829","19683829","885","True",""
"865","32147651213333","1","11","1","22253448","22253448","1019","True",""
"866","32147651312222","1","11","1","20491761","20491761","1030","True",""
"867","32147652113333","1","11","1","19950075","19950075","947","True",""
"868","32147652231332","1","11","1","19333692","19333692","890","True",""
"869","32147652233213","1","11","1","25491644","25491644","1199","True",""
"870","32147652331322","1","11","1","20975436","20975436","974","True",""
"871","32147652332213","1","11","1","24665186","24665186","1128","True",""
"872","32147653112222","1","11","1","20085132","20085132","908","True",""
"873","32156471111111","1","11","1","16109297","16109297","736","True",""
"874","32156471113211","1","11","1","12813799","12813799","615","True",""
"875","32156471232332","1","11","1","11802166","11802166","535","True",""
"876","32156472312332","1","11","1","12459796","12459796","552","True",""
"877","32156472332132","1","11","1","12266306","12266306","568","True",""
"878","32156472332321","1","11","1","13485692","13485692","615","True",""
"879","32156472333332","1","11","1","13951051","13951051","650","True",""
"880","32156473223123","1","11","1","11447507","11447507","530","True",""
"881","32156741112323","1","11","1","23391609","23391609","1055","True",""
"882","32156742311123","1","11","1","12606677","12606677","573","True",""
"883","32156742313223","1","11","1","14943972","14943972","680","True",""
"884","32156742333131","1","11","1","12653033","12653033","610","True",""
"885","32157641232323","1","11","1","14088242","14088242","648","True",""
"886","32157642231323","1","11","1","14196739","14196739","649","True",""
"887","32164571111111","1","11","1","17538521","17538521","790","True",""
"888","32164571111231","1","11","1","12211570","12211570","551","True",""
"889","32164571232323","1","11","1","12564913","12564913","573","True",""
"890","32164572232223","1","11","1","14969510","14969510","729","True",""
"891","32164572232313","1","11","1","14939356","14939356","678","True",""
"892","32164572233321","1","11","1","14582460","14582460","706","True",""
"893","32164572312323","1","11","1","14071103","14071103","673","True",""
"894","32164573323212","1","11","1","13310783","13310783","614","True",""
"895","32165741111111","1","11","1","21060320","21060320","939","True",""
"896","32165741111132","1","11","1","13571841","13571841","623","True",""
"897","32165741233223","1","11","1","13042799","13042799","598","True",""
"898","32165742211112","1","11","1","17090136","17090136","762","True",""
"899","32165742331112","1","11","1","12566857","12566857","569","True",""
"900","32165743311131","1","11","1","13308089","13308089","630","True",""
"901","32167451111111","1","11","1","17620534","17620534","811","True",""
"902","32167451213333","1","11","1","14038585","14038585","649","True",""
"903","32167451222222","1","11","1","13485028","13485028","611","True",""
"904","32167451312222","1","11","1","13396623","13396623","615","True",""
"905","32167451333111","1","11","1","12955438","12955438","584","True",""
"906","32167452211121","1","11","1","13854785","13854785","638","True",""
"907","32167453222313","1","11","1","11954634","11954634","565","True",""
"908","32167453313333","1","11","1","13829779","13829779","646","True",""
"909","32167453321232","1","11","1","13632188","13632188","629","True",""
"910","32174561112323","1","11","1","17088929","17088929","772","True",""
"911","32174561232113","1","11","1","17822515","17822515","838","True",""
"912","32174561232233","1","11","1","15751449","15751449","732","True",""
"913","32174562231212","1","11","1","14280031","14280031","680","True",""
"914","32174652312332","1","11","1","12240843","12240843","579","True",""
"915","32174652332132","1","11","1","12486120","12486120","597","True",""
"916","32175461111111","1","11","1","18075587","18075587","849","True",""
"917","32175461113112","1","11","1","12517940","12517940","596","True",""
"918","32175461221112","1","11","1","12942806","12942806","590","True",""
"919","32175461333111","1","11","1","13359076","13359076","616","True",""
"920","32175462233111","1","11","1","14099909","14099909","675","True",""
"921","32175462312323","1","11","1","18748113","18748113","873","True",""
"922","32416753121222","1","11","1","22103723","22103723","986","True",""
"923","32417562113321","1","11","1","21157347","21157347","927","True",""
"924","32417652132131","1","11","1","13054340","13054340","631","True",""
"925","32417653132121","1","11","1","11338271","11338271","504","True",""
"926","32451762331121","1","11","1","11561761","11561761","566","True",""
"927","32456173212332","1","11","1","14836219","14836219","683","True",""
"928","32456711233133","1","11","1","28059578","28059578","1288","True",""
"929","32465172112121","1","11","1","14333559","14333559","671","True",""
"930","32465172132131","1","11","1","11740899","11740899","542","True",""
"931","32465172133121","1","11","1","12296908","12296908","564","True",""
"932","32465172332321","1","11","1","13755028","13755028","648","True",""
"933","32465173123121","1","11","1","12895048","12895048","588","True",""
"934","32465173132121","1","11","1","13270519","13270519","663","True",""
"935","32465173133111","1","11","1","14360434","14360434","730","True",""
"936","32465173233221","1","11","1","15362375","15362375","710","True",""
"937","32475161232323","1","11","1","15678313","15678313","721","True",""
"938","32475163331222","1","11","1","16103470","16103470","798","True",""
"939","32476513232231","1","11","1","13634355","13634355","696","True",""
"940","32517463131311","1","11","1","22125454","22125454","1048","True",""
"941","32546713323212","1","11","1","14912349","14912349","709","True",""
"942","32547611121113","1","11","1","13848105","13848105","673","True",""
"943","32547611131112","1","11","1","12855900","12855900","609","True",""
"944","32547611213111","1","11","1","13146062","13146062","633","True",""
"945","32547611312111","1","11","1","13765859","13765859","633","True",""
"946","32547612111311","1","11","1","13383654","13383654","599","True",""
"947","32547613111211","1","11","1","13141365","13141365","605","True",""
"948","32561471113133","1","11","1","15112011","15112011","684","True",""
"949","32561471121311","1","11","1","13554233","13554233","630","True",""
"950","32561471122211","1","11","1","14652261","14652261","664","True",""
"951","32561471131211","1","11","1","13680988","13680988","628","True",""
"952","32561471211131","1","11","1","17337736","17337736","808","True",""
"953","32561471311121","1","11","1","13869417","13869417","648","True",""
"954","32561472133313","1","11","1","13150688","13150688","595","True",""
"955","32561472213122","1","11","1","13099443","13099443","582","True",""
"956","32561473222223","1","11","1","12407803","12407803","571","True",""
"957","32561473323212","1","11","1","12578207","12578207","578","True",""
"958","32567412122222","1","11","1","14444448","14444448","649","True",""
"959","32567412131312","1","11","1","17881819","17881819","805","True",""
"960","32567412222212","1","11","1","21973383","21973383","996","True",""
"961","32567413131212","1","11","1","14187962","14187962","636","True",""
"962","32567413133333","1","11","1","17384412","17384412","790","True",""
"963","32576142313223","1","11","1","14172641","14172641","638","True",""
"964","32615473332122","1","11","1","14607750","14607750","647","True",""
"965","32647152133121","1","11","1","16648423","16648423","763","True",""
"966","32647153132121","1","11","1","11422940","11422940","523","True",""
"967","32647512333233","1","11","1","23161445","23161445","1055","True",""
"968","32657143121213","1","11","1","17441993","17441993","793","True",""
"969","32657412111212","1","11","1","17141346","17141346","819","True",""
"970","32671453123313","1","11","1","17948951","17948951","803","True",""
"971","32674152113333","1","11","1","20734792","20734792","970","True",""
"972","32714652332132","1","11","1","13216491","13216491","615","True",""
"973","32716452123212","1","11","1","19777349","19777349","936","True",""
"974","32741651121311","1","11","1","18119850","18119850","844","True",""
"975","32741651131211","1","11","1","14325010","14325010","678","True",""
"976","32741651211131","1","11","1","13333167","13333167","737","True",""
"977","32741651311121","1","11","1","13862108","13862108","667","True",""
"978","32741652111113","1","11","1","14612123","14612123","696","True",""
"979","32741653111112","1","11","1","14594995","14594995","672","True",""
"980","32745611223332","1","11","1","12749114","12749114","647","True",""
"981","32745612313322","1","11","1","14843658","14843658","726","True",""
"982","32745612322331","1","11","1","12428683","12428683","653","True",""
"983","32751643321232","1","11","1","15352369","15352369","735","True",""
"984","32754163211123","1","11","1","13213607","13213607","682","True",""
"985","32756141233121","1","11","1","15705015","15705015","757","True",""
"986","32761452121313","1","11","1","14586737","14586737","721","True",""
"987","32761452122222","1","11","1","15503561","15503561","767","True",""
"988","32761452222212","1","11","1","14528766","14528766","689","True",""
"989","32761453121312","1","11","1","20334381","20334381","1008","True",""
"990","32761453133333","1","11","1","14854707","14854707","744","True",""
"991","32765411112221","1","11","1","14411771","14411771","682","True",""
"992","32765411121113","1","11","1","13069703","13069703","637","True",""
"993","32765411131112","1","11","1","12470392","12470392","597","True",""
"994","32765411133113","1","11","1","13634505","13634505","644","True",""
"995","32765411331113","1","11","1","13621178","13621178","662","True",""
"996","32765412221312","1","11","1","12958810","12958810","618","True",""
"997","32765412323222","1","11","1","13468526","13468526","668","True",""
"998","32765413122212","1","11","1","12373167","12373167","574","True",""
"999","32765413223312","1","11","1","12286324","12286324","597","True",""
"1000","32765413231223","1","11","1","14607876","14607876","668","True",""
"1001","32765413322312","1","11","1","12141452","12141452","592","True",""
"1002","34125672131213","1","11","1","13956736","13956736","674","True",""
"1003","34125672131312","1","11","1","15523985","15523985","719","True",""
"1004","34125672221222","1","11","1","14549987","14549987","695","True",""
"1005","34125673133333","1","11","1","15952338","15952338","739","True",""
"1006","34127651121113","1","11","1","13025601","13025601","620","True",""
"1007","34127651131112","1","11","1","12866933","12866933","604","True",""
"1008","34127651213111","1","11","1","13223699","13223699","616","True",""
"1009","34127651312111","1","11","1","13812449","13812449","665","True",""
"1010","34127652111311","1","11","1","12979272","12979272","652","True",""
"1011","34127653111211","1","11","1","13083416","13083416","612","True",""
"1012","34162752132212","1","11","1","26599360","26599360","1229","True",""
"1013","34165271112212","1","11","1","15908678","15908678","744","True",""
"1014","34165271121311","1","11","1","14715311","14715311","698","True",""
"1015","34165271131211","1","11","1","13781823","13781823","659","True",""
"1016","34165271211131","1","11","1","16929286","16929286","803","True",""
"1017","34165271311121","1","11","1","12932128","12932128","616","True",""
"1018","34165271311133","1","11","1","14230284","14230284","661","True",""
"1019","34165272323333","1","11","1","13265743","13265743","628","True",""
"1020","34165273133312","1","11","1","16636393","16636393","792","True",""
"1021","34165273222322","1","11","1","11909185","11909185","587","True",""
"1022","34165273311131","1","11","1","13074601","13074601","614","True",""
"1023","34167252213323","1","11","1","15185394","15185394","731","True",""
"1024","34172562132332","1","11","1","15018125","15018125","717","True",""
"1025","34172562313331","1","11","1","16073843","16073843","764","True",""
"1026","34175263321232","1","11","1","15426417","15426417","723","True",""
"1027","34216572213122","1","11","1","20760145","20760145","994","True",""
"1028","34261572132131","1","11","1","11661788","11661788","580","True",""
"1029","34261572133121","1","11","1","12243639","12243639","570","True",""
"1030","34261573123121","1","11","1","12510016","12510016","606","True",""
"1031","34265712212132","1","11","1","19470500","19470500","921","True",""
"1032","34275161312213","1","11","1","14580586","14580586","667","True",""
"1033","34275162112322","1","11","1","14037676","14037676","656","True",""
"1034","34275162213221","1","11","1","15428839","15428839","721","True",""
"1035","34516271111111","1","11","1","15092318","15092318","706","True",""
"1036","34516272312332","1","11","1","16501690","16501690","772","True",""
"1037","34516722313223","1","11","1","18511375","18511375","888","True",""
"1038","34517622231323","1","11","1","15469222","15469222","746","True",""
"1039","34521672223232","1","11","1","14320503","14320503","683","True",""
"1040","34526713232312","1","11","1","13203382","13203382","620","True",""
"1041","34527612211322","1","11","1","21758162","21758162","1002","True",""
"1042","34527612231122","1","11","1","21182363","21182363","991","True",""
"1043","34527612231332","1","11","1","23229426","23229426","1050","True",""
"1044","34527612331322","1","11","1","21174835","21174835","972","True",""
"1045","34527613312133","1","11","1","21560728","21560728","1009","True",""
"1046","34561272122123","1","11","1","20151746","20151746","941","True",""
"1047","34561272122321","1","11","1","21042062","21042062","991","True",""
"1048","34561272212213","1","11","1","25560689","25560689","1189","True",""
"1049","34561272213122","1","11","1","20913869","20913869","962","True",""
"1050","34561272232211","1","11","1","24706762","24706762","1129","True",""
"1051","34561273221233","1","11","1","19975008","19975008","939","True",""
"1052","34561273233131","1","11","1","19784636","19784636","897","True",""
"1053","34561273311233","1","11","1","20733091","20733091","914","True",""
"1054","34561273313321","1","11","1","23639100","23639100","1076","True",""
"1055","34561273321133","1","11","1","21560516","21560516","973","True",""
"1056","34561273321223","1","11","1","20265433","20265433","896","True",""
"1057","34561721111111","1","11","1","16352290","16352290","725","True",""
"1058","34562171321111","1","11","1","13184480","13184480","610","True",""
"1059","34562171321231","1","11","1","12872947","12872947","581","True",""
"1060","34562172232313","1","11","1","17013272","17013272","771","True",""
"1061","34567212223232","1","11","1","16685112","16685112","776","True",""
"1062","34617252111212","1","11","1","18300232","18300232","802","True",""
"1063","34617252123212","1","11","1","18129020","18129020","828","True",""
"1064","34617252132212","1","11","1","19368581","19368581","852","True",""
"1065","34617522221333","1","11","1","17246358","17246358","773","True",""
"1066","34621572132131","1","11","1","13646332","13646332","604","True",""
"1067","34625172111212","1","11","1","19592761","19592761","879","True",""
"1068","34627512232313","1","11","1","13789073","13789073","624","True",""
"1069","34651271123111","1","11","1","13467396","13467396","603","True",""
"1070","34651272332132","1","11","1","12853472","12853472","576","True",""
"1071","34675212222122","1","11","1","20019184","20019184","902","True",""
"1072","34715262221123","1","11","1","19671757","19671757","858","True",""
"1073","34716522223211","1","11","1","17500329","17500329","763","True",""
"1074","34721652121313","1","11","1","18769848","18769848","851","True",""
"1075","34721652131213","1","11","1","17001921","17001921","763","True",""
"1076","34721652221222","1","11","1","19007908","19007908","847","True",""
"1077","34721652222212","1","11","1","17861758","17861758","811","True",""
"1078","34721653333313","1","11","1","16782890","16782890","752","True",""
"1079","34725611212211","1","11","1","14883965","14883965","659","True",""
"1080","34725612111113","1","11","1","12819614","12819614","567","True",""
"1081","34725612121322","1","11","1","14824739","14824739","700","True",""
"1082","34725612231212","1","11","1","14859220","14859220","688","True",""
"1083","34725612231332","1","11","1","13027885","13027885","579","True",""
"1084","34725612322232","1","11","1","13919594","13919594","609","True",""
"1085","34725612331322","1","11","1","13748333","13748333","603","True",""
"1086","34725613111112","1","11","1","14089560","14089560","638","True",""
"1087","34725613111133","1","11","1","13674013","13674013","617","True",""
"1088","34725613132223","1","11","1","13754493","13754493","606","True",""
"1089","34725613311113","1","11","1","13713602","13713602","646","True",""
"1090","34761252323222","1","11","1","12976503","12976503","603","True",""
"1091","35126741232212","1","11","1","16447205","16447205","757","True",""
"1092","35126742231233","1","11","1","16392463","16392463","734","True",""
"1093","35127462331331","1","11","1","17270155","17270155","754","True",""
"1094","35162472122231","1","11","1","13089943","13089943","586","True",""
"1095","35162472123233","1","11","1","16738100","16738100","740","True",""
"1096","35162473122221","1","11","1","12875519","12875519","611","True",""
"1097","35162473323131","1","11","1","13104914","13104914","583","True",""
"1098","35162473332122","1","11","1","14554447","14554447","633","True",""
"1099","35162473332131","1","11","1","12979098","12979098","578","True",""
"1100","35162742213323","1","11","1","16881071","16881071","750","True",""
"1101","35167242132212","1","11","1","16497327","16497327","726","True",""
"1102","35172461232323","1","11","1","15664711","15664711","692","True",""
"1103","35174262213131","1","11","1","19645523","19645523","856","True",""
"1104","35174262231113","1","11","1","17295272","17295272","778","True",""
"1105","35246171111111","1","11","1","14612244","14612244","661","True",""
"1106","35246171113322","1","11","1","12698837","12698837","582","True",""
"1107","35246172213311","1","11","1","14147002","14147002","636","True",""
"1108","35267141223233","1","11","1","11977186","11977186","570","True",""
"1109","35267141321132","1","11","1","25019636","25019636","1095","True",""
"1110","35271461322233","1","11","1","12981231","12981231","566","True",""
"1111","35416721113112","1","11","1","12961271","12961271","573","True",""
"1112","35416723232213","1","11","1","17510814","17510814","775","True",""
"1113","35417622223133","1","11","1","18973027","18973027","848","True",""
"1114","35426712131132","1","11","1","14519489","14519489","643","True",""
"1115","35426712311312","1","11","1","12853005","12853005","611","True",""
"1116","35426713111313","1","11","1","15402385","15402385","694","True",""
"1117","35426713131113","1","11","1","13954684","13954684","623","True",""
"1118","35426713312211","1","11","1","14717854","14717854","676","True",""
"1119","35461271111231","1","11","1","15091504","15091504","678","True",""
"1120","35461271321231","1","11","1","12856180","12856180","579","True",""
"1121","35461272222323","1","11","1","13349803","13349803","587","True",""
"1122","35462171131313","1","11","1","14285150","14285150","675","True",""
"1123","35462171212121","1","11","1","14959235","14959235","685","True",""
"1124","35462171221223","1","11","1","12306996","12306996","545","True",""
"1125","35462171332331","1","11","1","13792084","13792084","621","True",""
"1126","35462172213311","1","11","1","14728477","14728477","671","True",""
"1127","35462172223331","1","11","1","13437786","13437786","622","True",""
"1128","35462172312131","1","11","1","13029112","13029112","607","True",""
"1129","35462173123211","1","11","1","13678916","13678916","627","True",""
"1130","35462173131311","1","11","1","15272629","15272629","671","True",""
"1131","35462173221221","1","11","1","14700056","14700056","666","True",""
"1132","35462712322322","1","11","1","16400354","16400354","720","True",""
"1133","35472163222313","1","11","1","13391357","13391357","606","True",""
"1134","35472163231322","1","11","1","14836705","14836705","657","True",""
"1135","35476122221111","1","11","1","15206813","15206813","666","True",""
"1136","35614722321233","1","11","1","15860578","15860578","696","True",""
"1137","35617423131332","1","11","1","14450600","14450600","642","True",""
"1138","35624712121232","1","11","1","20530165","20530165","901","True",""
"1139","35624712321212","1","11","1","23900900","23900900","1065","True",""
"1140","35624712321332","1","11","1","20092148","20092148","879","True",""
"1141","35624712331232","1","11","1","20254942","20254942","911","True",""
"1142","35714623111322","1","11","1","17492510","17492510","774","True",""
"1143","35721642221213","1","11","1","26904117","26904117","1193","True",""
"1144","35762142222113","1","11","1","16181929","16181929","734","True",""
"1145","36125471111333","1","11","1","13899275","13899275","630","True",""
"1146","36125471212112","1","11","1","19670152","19670152","886","True",""
"1147","36125471213111","1","11","1","12706457","12706457","585","True",""
"1148","36125471222111","1","11","1","20018433","20018433","874","True",""
"1149","36125471312111","1","11","1","13358847","13358847","600","True",""
"1150","36125472111311","1","11","1","12653043","12653043","595","True",""
"1151","36125472121223","1","11","1","12135410","12135410","539","True",""
"1152","36125473111211","1","11","1","13606648","13606648","614","True",""
"1153","36125473232222","1","11","1","14881971","14881971","664","True",""
"1154","36125473323233","1","11","1","14392469","14392469","651","True",""
"1155","36125743222331","1","11","1","23125289","23125289","1034","True",""
"1156","36127451333222","1","11","1","12485569","12485569","550","True",""
"1157","36145272122222","1","11","1","16941386","16941386","756","True",""
"1158","36145272131213","1","11","1","22028918","22028918","953","True",""
"1159","36145272131312","1","11","1","15062556","15062556","660","True",""
"1160","36145273333313","1","11","1","17344691","17344691","785","True",""
"1161","36147251121311","1","11","1","14308617","14308617","624","True",""
"1162","36147251131211","1","11","1","14989386","14989386","676","True",""
"1163","36147251211131","1","11","1","15595000","15595000","680","True",""
"1164","36147251311121","1","11","1","13053436","13053436","612","True",""
"1165","36147252111113","1","11","1","16678966","16678966","745","True",""
"1166","36147253111112","1","11","1","14000527","14000527","645","True",""
"1167","36152741231312","1","11","1","18498516","18498516","854","True",""
"1168","36152742131321","1","11","1","16320843","16320843","715","True",""
"1169","36172452133133","1","11","1","19568339","19568339","855","True",""
"1170","36217452131333","1","11","1","18981143","18981143","836","True",""
"1171","36217541223311","1","11","1","11176828","11176828","499","True",""
"1172","36217543213112","1","11","1","11775509","11775509","539","True",""
"1173","36241573212332","1","11","1","12315997","12315997","544","True",""
"1174","36241753212311","1","11","1","14290587","14290587","642","True",""
"1175","36415272123212","1","11","1","17611099","17611099","794","True",""
"1176","36417522123311","1","11","1","15819753","15819753","693","True",""
"1177","36514272212111","1","11","1","21946652","21946652","1018","True",""
"1178","36521472113321","1","11","1","15449614","15449614","705","True",""
"1179","36521472331121","1","11","1","13014742","13014742","582","True",""
"1180","36527411131133","1","11","1","13118962","13118962","573","True",""
"1181","36527412111113","1","11","1","12926900","12926900","587","True",""
"1182","36527412131222","1","11","1","15178277","15178277","693","True",""
"1183","36527412211322","1","11","1","15315633","15315633","698","True",""
"1184","36527412221312","1","11","1","13303840","13303840","628","True",""
"1185","36527412231122","1","11","1","13442951","13442951","597","True",""
"1186","36527412322232","1","11","1","13662634","13662634","609","True",""
"1187","36527413111112","1","11","1","13640064","13640064","613","True",""
"1188","36527413311311","1","11","1","12777587","12777587","565","True",""
"1189","36541272323222","1","11","1","12837379","12837379","611","True",""
"1190","36542712121322","1","11","1","19870095","19870095","880","True",""
"1191","36547212121313","1","11","1","16769103","16769103","745","True",""
"1192","36547212122222","1","11","1","17771796","17771796","800","True",""
"1193","36547212131312","1","11","1","17855872","17855872","827","True",""
"1194","36547212221222","1","11","1","16938084","16938084","756","True",""
"1195","36547213331333","1","11","1","15265474","15265474","689","True",""
"1196","36712542121112","1","11","1","20687835","20687835","925","True",""
"1197","36712542121121","1","11","1","19381578","19381578","852","True",""
"1198","36712542121211","1","11","1","22806113","22806113","1031","True",""
"1199","36712542122111","1","11","1","20432036","20432036","889","True",""
"1200","36714252232223","1","11","1","13340029","13340029","598","True",""
"1201","36714521232113","1","11","1","18416898","18416898","860","True",""
"1202","36714522121322","1","11","1","18306828","18306828","813","True",""
"1203","36714522122213","1","11","1","14837338","14837338","696","True",""
"1204","36714523132223","1","11","1","15088233","15088233","662","True",""
"1205","36714523132322","1","11","1","14800408","14800408","668","True",""
"1206","36721451131331","1","11","1","13015480","13015480","588","True",""
"1207","36721452121322","1","11","1","14893038","14893038","657","True",""
"1208","36721452122123","1","11","1","12411449","12411449","580","True",""
"1209","36721452122213","1","11","1","14883744","14883744","671","True",""
"1210","36721452122321","1","11","1","13905855","13905855","628","True",""
"1211","36721452131111","1","11","1","13760154","13760154","653","True",""
"1212","36721452223232","1","11","1","13316106","13316106","594","True",""
"1213","36721453113113","1","11","1","14467625","14467625","654","True",""
"1214","36721453121111","1","11","1","17580903","17580903","804","True",""
"1215","36725411121212","1","11","1","21974716","21974716","1007","True",""
"1216","36725411131313","1","11","1","22042290","22042290","970","True",""
"1217","36725411212121","1","11","1","22103658","22103658","981","True",""
"1218","36725411313131","1","11","1","22197083","22197083","959","True",""
"1219","36725412111212","1","11","1","23801089","23801089","1034","True",""
"1220","36725412121112","1","11","1","21995212","21995212","976","True",""
"1221","36725412121211","1","11","1","22651529","22651529","1029","True",""
"1222","36725412121232","1","11","1","22108171","22108171","993","True",""
"1223","36725412123212","1","11","1","23416919","23416919","1026","True",""
"1224","36725412321212","1","11","1","23033739","23033739","1016","True",""
"1225","36725413111313","1","11","1","25371270","25371270","1129","True",""
"1226","36725413131113","1","11","1","22800485","22800485","1015","True",""
"1227","36725413131311","1","11","1","26639550","26639550","1211","True",""
"1228","36741252122123","1","11","1","22268386","22268386","995","True",""
"1229","36741252122321","1","11","1","20797708","20797708","928","True",""
"1230","36741252122333","1","11","1","20083039","20083039","905","True",""
"1231","36741252123323","1","11","1","21500448","21500448","951","True",""
"1232","36741253233131","1","11","1","21196477","21196477","975","True",""
"1233","36745211211221","1","11","1","12123718","12123718","554","True",""
"1234","36745212121223","1","11","1","12647840","12647840","585","True",""
"1235","36745212122312","1","11","1","15803679","15803679","716","True",""
"1236","36745212122333","1","11","1","13427899","13427899","602","True",""
"1237","36745212123323","1","11","1","15093199","15093199","680","True",""
"1238","36745212131111","1","11","1","12693552","12693552","561","True",""
"1239","36745212223232","1","11","1","13332810","13332810","603","True",""
"1240","36745213121111","1","11","1","16372548","16372548","734","True",""
"1241","36745213131131","1","11","1","12451255","12451255","565","True",""
"1242","36745213133111","1","11","1","13661857","13661857","611","True",""
"1243","36745213232213","1","11","1","13033663","13033663","600","True",""
"1244","36751243222322","1","11","1","13653010","13653010","619","True",""
"1245","36752142122132","1","11","1","14566921","14566921","656","True",""
"1246","36752142123221","1","11","1","13643366","13643366","665","True",""
"1247","36752143132232","1","11","1","12133497","12133497","538","True",""
"1248","36752143133222","1","11","1","14775810","14775810","666","True",""
"1249","36752143211132","1","11","1","13787296","13787296","608","True",""
"1250","36754123232222","1","11","1","23693956","23693956","1050","True",""
"1251","37246511112233","1","11","1","16710322","16710322","726","True",""
"1252","37256142321233","1","11","1","15714306","15714306","735","True",""
"1253","37415622333221","1","11","1","17687567","17687567","788","True",""
"1254","37426513132313","1","11","1","20298593","20298593","895","True",""
"1255","37452162323312","1","11","1","14599723","14599723","681","True",""
"1256","37516422333311","1","11","1","13864117","13864117","636","True",""
"1257","37561241311112","1","11","1","13469671","13469671","611","True",""
"1258","37612453122233","1","11","1","13656596","13656596","611","True",""
"1259","37612542221111","1","11","1","16028402","16028402","724","True",""
"1260","37614252221123","1","11","1","17440864","17440864","779","True",""
"1261","37614521111111","1","11","1","18359863","18359863","808","True",""
"1262","37614521323232","1","11","1","11965288","11965288","565","True",""
"1263","37614522111221","1","11","1","13562268","13562268","593","True",""
"1264","37614522113321","1","11","1","15412043","15412043","675","True",""
"1265","37614522313322","1","11","1","16062816","16062816","707","True",""
"1266","37614522323312","1","11","1","13465958","13465958","619","True",""
"1267","37614523232213","1","11","1","15171217","15171217","665","True",""
"1268","37615421113322","1","11","1","16937506","16937506","782","True",""
"1269","37615422211133","1","11","1","16834124","16834124","758","True",""
"1270","37615422223133","1","11","1","17058842","17058842","754","True",""
"1271","37615422313121","1","11","1","15865440","15865440","694","True",""
"1272","37615422313331","1","11","1","17035325","17035325","772","True",""
"1273","37615423121132","1","11","1","18001438","18001438","789","True",""
"1274","37624152311213","1","11","1","17455886","17455886","795","True",""
"1275","37624511232233","1","11","1","15784476","15784476","717","True",""
"1276","37624512121322","1","11","1","18223891","18223891","825","True",""
"1277","37624512231212","1","11","1","14086567","14086567","617","True",""
"1278","37624513131323","1","11","1","15008897","15008897","659","True",""
"1279","37624513231313","1","11","1","14634973","14634973","645","True",""
"1280","37641252222323","1","11","1","15512676","15512676","693","True",""
"1281","37642152213311","1","11","1","18232359","18232359","807","True",""
"1282","37642513122221","1","11","1","15674328","15674328","694","True",""
"1283","37645122312221","1","11","1","13236595","13236595","582","True",""
"1284","37651242211133","1","11","1","18888421","18888421","832","True",""
"1285","37651422312311","1","11","1","17768113","17768113","767","True",""
"1286","37652141113232","1","11","1","12809492","12809492","599","True",""
"1287","37652143231322","1","11","1","14466590","14466590","653","True",""
"1288","37654212311222","1","11","1","16677777","16677777","716","True",""
"1289","41236753232321","1","11","1","14124970","14124970","614","True",""
"1290","41237561313131","1","11","1","19867348","19867348","883","True",""
"1291","41263751312222","1","11","1","21474574","21474574","953","True",""
"1292","41325671212211","1","11","1","14426667","14426667","668","True",""
"1293","41325762313223","1","11","1","13409024","13409024","585","True",""
"1294","41325763131233","1","11","1","12824437","12824437","593","True",""
"1295","41352671212112","1","11","1","19997408","19997408","869","True",""
"1296","41352671212121","1","11","1","20619603","20619603","944","True",""
"1297","41352671222111","1","11","1","20740809","20740809","928","True",""
"1298","41357622313112","1","11","1","11507292","11507292","504","True",""
"1299","41367253111133","1","11","1","18895638","18895638","836","True",""
"1300","41532672313211","1","11","1","25411382","25411382","1110","True",""
"1301","41532761233133","1","11","1","16887559","16887559","757","True",""
"1302","41563273113311","1","11","1","15139084","15139084","671","True",""
"1303","41576322212222","1","11","1","18635629","18635629","827","True",""
"1304","41625372313211","1","11","1","40245133","40245133","1761","True",""
"1305","41625373121213","1","11","1","14156101","14156101","625","True",""
"1306","41625731222231","1","11","1","16456521","16456521","722","True",""
"1307","41635721212121","1","11","1","24146625","24146625","1047","True",""
"1308","41657321222312","1","11","1","15142034","15142034","672","True",""
"1309","41673252212222","1","11","1","19666710","19666710","872","True",""
"1310","41673521111111","1","11","1","16043931","16043931","713","True",""
"1311","41723562313211","1","11","1","15324013","15324013","686","True",""
"1312","41725361232113","1","11","1","17315277","17315277","755","True",""
"1313","41725361321213","1","11","1","20881830","20881830","924","True",""
"1314","41725362221213","1","11","1","17878695","17878695","793","True",""
"1315","41725362313211","1","11","1","19340429","19340429","883","True",""
"1316","41725362313223","1","11","1","19414995","19414995","866","True",""
"1317","41725363121222","1","11","1","16657116","16657116","746","True",""
"1318","41725363121231","1","11","1","15944189","15944189","732","True",""
"1319","41725631111111","1","11","1","19126575","19126575","825","True",""
"1320","41725631211122","1","11","1","14865812","14865812","664","True",""
"1321","41725632322331","1","11","1","13002913","13002913","568","True",""
"1322","41725633111133","1","11","1","14062812","14062812","645","True",""
"1323","41725633121123","1","11","1","13558055","13558055","601","True",""
"1324","41725633211111","1","11","1","15515489","15515489","681","True",""
"1325","41726352313322","1","11","1","14757415","14757415","649","True",""
"1326","41726532312233","1","11","1","18316084","18316084","817","True",""
"1327","41735261323313","1","11","1","18352589","18352589","827","True",""
"1328","41735262312233","1","11","1","17222388","17222388","756","True",""
"1329","41735263123223","1","11","1","13855594","13855594","608","True",""
"1330","41735621233232","1","11","1","14373278","14373278","626","True",""
"1331","41735622313322","1","11","1","16819829","16819829","725","True",""
"1332","41736521233232","1","11","1","17249889","17249889","791","True",""
"1333","41736522332231","1","11","1","13381040","13381040","616","True",""
"1334","41752631222123","1","11","1","12658642","12658642","572","True",""
"1335","41752632311123","1","11","1","13867298","13867298","641","True",""
"1336","41752632312323","1","11","1","12747030","12747030","559","True",""
"1337","41752632313211","1","11","1","47806687","47806687","2051","True",""
"1338","41756231321213","1","11","1","19999183","19999183","863","True",""
"1339","41756233121231","1","11","1","15607835","15607835","696","True",""
"1340","41762532221333","1","11","1","17426473","17426473","775","True",""
"1341","41762533123331","1","11","1","16007547","16007547","700","True",""
"1342","41765231233232","1","11","1","14217773","14217773","625","True",""
"1343","41765322221312","1","11","1","12940327","12940327","572","True",""
"1344","41765322313211","1","11","1","27909263","27909263","1217","True",""
"1345","41765323122212","1","11","1","13642478","13642478","609","True",""
"1346","42136752131312","1","11","1","18552629","18552629","807","True",""
"1347","42137561123333","1","11","1","17535141","17535141","777","True",""
"1348","42137653122131","1","11","1","13257475","13257475","582","True",""
"1349","42137653132121","1","11","1","11179468","11179468","506","True",""
"1350","42157633231322","1","11","1","17638882","17638882","766","True",""
"1351","42163751121212","1","11","1","20403769","20403769","906","True",""
"1352","42165373223123","1","11","1","11089163","11089163","506","True",""
"1353","42167532131333","1","11","1","19048686","19048686","824","True",""
"1354","42315673112111","1","11","1","11903013","11903013","540","True",""
"1355","42351671212211","1","11","1","17217891","17217891","791","True",""
"1356","42351763231133","1","11","1","25226391","25226391","1133","True",""
"1357","42367153111121","1","11","1","12203950","12203950","537","True",""
"1358","42367153211123","1","11","1","13394168","13394168","590","True",""
"1359","42516372233111","1","11","1","16692448","16692448","745","True",""
"1360","42561733323122","1","11","1","11800406","11800406","556","True",""
"1361","42573612323231","1","11","1","14666712","14666712","651","True",""
"1362","42573613322231","1","11","1","13593031","13593031","635","True",""
"1363","42613572313211","1","11","1","15302738","15302738","668","True",""
"1364","42615371313332","1","11","1","24554001","24554001","1084","True",""
"1365","42615372213311","1","11","1","19577246","19577246","889","True",""
"1366","42615372221213","1","11","1","17870283","17870283","816","True",""
"1367","42615372313211","1","11","1","19951627","19951627","864","True",""
"1368","42651372213311","1","11","1","12970299","12970299","605","True",""
"1369","42651733311122","1","11","1","16317204","16317204","723","True",""
"1370","42673512232133","1","11","1","17915217","17915217","812","True",""
"1371","42751632321233","1","11","1","17388206","17388206","762","True",""
"1372","42751632323231","1","11","1","13893017","13893017","629","True",""
"1373","43126572133313","1","11","1","18737147","18737147","812","True",""
"1374","43167251232212","1","11","1","15821011","15821011","688","True",""
"1375","43176252123131","1","11","1","13187559","13187559","577","True",""
"1376","43176252311132","1","11","1","14027409","14027409","652","True",""
"1377","43216573132121","1","11","1","11690876","11690876","541","True",""
"1378","43216573132223","1","11","1","13099623","13099623","592","True",""
"1379","43216573212311","1","11","1","12848833","12848833","602","True",""
"1380","43216573212332","1","11","1","18478883","18478883","821","True",""
"1381","43512671313332","1","11","1","14799887","14799887","662","True",""
"1382","43527612312323","1","11","1","12471586","12471586","553","True",""
"1383","43561271111111","1","11","1","14071374","14071374","651","True",""
"1384","43571262122222","1","11","1","17968126","17968126","775","True",""
"1385","43572161111111","1","11","1","16815411","16815411","748","True",""
"1386","43572612312323","1","11","1","14754910","14754910","674","True",""
"1387","43576211123222","1","11","1","15674512","15674512","688","True",""
"1388","43576212112232","1","11","1","19683055","19683055","874","True",""
"1389","43615271333312","1","11","1","13338523","13338523","594","True",""
"1390","43615272113321","1","11","1","14805646","14805646","658","True",""
"1391","43617521223221","1","11","1","19431774","19431774","857","True",""
"1392","43621752213323","1","11","1","19504326","19504326","851","True",""
"1393","43651722323132","1","11","1","14190827","14190827","638","True",""
"1394","43675122222122","1","11","1","22204930","22204930","986","True",""
"1395","43675211221331","1","11","1","14906642","14906642","674","True",""
"1396","43721653231313","1","11","1","17117172","17117172","741","True",""
"1397","43751623123313","1","11","1","17303430","17303430","764","True",""
"1398","43765212222122","1","11","1","21704587","21704587","946","True",""
"1399","45167323322231","1","11","1","14261797","14261797","634","True",""
"1400","45176231131313","1","11","1","30739962","30739962","1329","True",""
"1401","45176231133113","1","11","1","30657844","30657844","1344","True",""
"1402","45176231331113","1","11","1","29773386","29773386","1317","True",""
"1403","45176233131113","1","11","1","31565252","31565252","1374","True",""
"1404","45176321131133","1","11","1","26086579","26086579","1144","True",""
"1405","45213672221123","1","11","1","16599516","16599516","743","True",""
"1406","45273162222122","1","11","1","19249660","19249660","840","True",""
"1407","45276131131133","1","11","1","22779889","22779889","996","True",""
"1408","45312671222312","1","11","1","12500657","12500657","569","True",""
"1409","45312672223331","1","11","1","13940412","13940412","609","True",""
"1410","45312672233321","1","11","1","13044756","13044756","586","True",""
"1411","45312672313211","1","11","1","40979321","40979321","1769","True",""
"1412","45312673132313","1","11","1","22393379","22393379","999","True",""
"1413","45312673222112","1","11","1","12433414","12433414","567","True",""
"1414","45312673231313","1","11","1","22100732","22100732","985","True",""
"1415","45312761113211","1","11","1","14335830","14335830","643","True",""
"1416","45312761133311","1","11","1","13685195","13685195","616","True",""
"1417","45312762221111","1","11","1","16778896","16778896","745","True",""
"1418","45312762311111","1","11","1","13746461","13746461","632","True",""
"1419","45321671212211","1","11","1","14999026","14999026","663","True",""
"1420","45321671221121","1","11","1","14997520","14997520","684","True",""
"1421","45321673113311","1","11","1","24875207","24875207","1096","True",""
"1422","45327612222323","1","11","1","16023754","16023754","717","True",""
"1423","45362712122222","1","11","1","19025591","19025591","847","True",""
"1424","45367122223133","1","11","1","16286047","16286047","732","True",""
"1425","45367211111132","1","11","1","14462551","14462551","634","True",""
"1426","45367211211122","1","11","1","15309056","15309056","696","True",""
"1427","45367213111133","1","11","1","15540922","15540922","696","True",""
"1428","45376121131133","1","11","1","24087396","24087396","1058","True",""
"1429","45376121331311","1","11","1","17627781","17627781","788","True",""
"1430","45376211333123","1","11","1","14270303","14270303","639","True",""
"1431","45376213131323","1","11","1","22628730","22628730","1016","True",""
"1432","45376213333322","1","11","1","13217327","13217327","607","True",""
"1433","45612371133221","1","11","1","15014357","15014357","701","True",""
"1434","45612372331121","1","11","1","12673801","12673801","581","True",""
"1435","45612373112231","1","11","1","13002687","13002687","597","True",""
"1436","45612373132121","1","11","1","12412017","12412017","569","True",""
"1437","45612373132223","1","11","1","13679745","13679745","613","True",""
"1438","45612373322111","1","11","1","12004796","12004796","548","True",""
"1439","45612373332122","1","11","1","12799195","12799195","564","True",""
"1440","45612373332221","1","11","1","12903814","12903814","567","True",""
"1441","45613271331221","1","11","1","14638581","14638581","663","True",""
"1442","45613272233111","1","11","1","18428682","18428682","812","True",""
"1443","45621373123331","1","11","1","16115695","16115695","721","True",""
"1444","45621373211111","1","11","1","20122125","20122125","880","True",""
"1445","45621732212123","1","11","1","16778913","16778913","756","True",""
"1446","45621732233333","1","11","1","16082590","16082590","715","True",""
"1447","45623712332123","1","11","1","11797870","11797870","536","True",""
"1448","45623713322321","1","11","1","11303689","11303689","517","True",""
"1449","45637123132121","1","11","1","12997035","12997035","577","True",""
"1450","45637123332122","1","11","1","11388887","11388887","502","True",""
"1451","45671231132231","1","11","1","11567751","11567751","527","True",""
"1452","45671233112132","1","11","1","12436027","12436027","562","True",""
"1453","45673212212132","1","11","1","14959859","14959859","654","True",""
"1454","45673213211222","1","11","1","15282757","15282757","703","True",""
"1455","45713623223132","1","11","1","12311472","12311472","546","True",""
"1456","45721363321313","1","11","1","14310578","14310578","691","True",""
"1457","45721363322231","1","11","1","13811995","13811995","624","True",""
"1458","45732612233321","1","11","1","12439151","12439151","548","True",""
"1459","45736121122211","1","11","1","20218269","20218269","896","True",""
"1460","46123571111111","1","11","1","15124607","15124607","667","True",""
"1461","46123573232123","1","11","1","18522264","18522264","816","True",""
"1462","46125731333123","1","11","1","14890335","14890335","677","True",""
"1463","46127351131313","1","11","1","18688747","18688747","829","True",""
"1464","46127352131333","1","11","1","21025739","21025739","915","True",""
"1465","46127353131323","1","11","1","22594067","22594067","993","True",""
"1466","46135272133313","1","11","1","17639983","17639983","777","True",""
"1467","46153273131131","1","11","1","21350581","21350581","935","True",""
"1468","46157233333232","1","11","1","13020465","13020465","578","True",""
"1469","46157321331233","1","11","1","15564271","15564271","697","True",""
"1470","46215372121223","1","11","1","13780350","13780350","624","True",""
"1471","46215372313211","1","11","1","23878801","23878801","1052","True",""
"1472","46257132211133","1","11","1","16960172","16960172","761","True",""
"1473","46257313312211","1","11","1","26534079","26534079","1208","True",""
"1474","46273512122312","1","11","1","13811915","13811915","633","True",""
"1475","46273513221212","1","11","1","13138213","13138213","593","True",""
"1476","46275311123222","1","11","1","16116515","16116515","751","True",""
"1477","46275312112232","1","11","1","20247399","20247399","923","True",""
"1478","46275312132212","1","11","1","17858386","17858386","825","True",""
"1479","46275312232133","1","11","1","15730570","15730570","715","True",""
"1480","46275312313211","1","11","1","19208482","19208482","880","True",""
"1481","46275313121222","1","11","1","16561754","16561754","766","True",""
"1482","46275313312211","1","11","1","19137622","19137622","882","True",""
"1483","46321752111131","1","11","1","14601543","14601543","668","True",""
"1484","46352171211233","1","11","1","11920243","11920243","554","True",""
"1485","46352172113231","1","11","1","11047316","11047316","518","True",""
"1486","46372511221331","1","11","1","16144785","16144785","750","True",""
"1487","46375211211332","1","11","1","11979594","11979594","544","True",""
"1488","46375212113111","1","11","1","13151353","13151353","590","True",""
"1489","46375212132131","1","11","1","11945528","11945528","563","True",""
"1490","46375212132221","1","11","1","13182872","13182872","632","True",""
"1491","46375212332222","1","11","1","12881329","12881329","585","True",""
"1492","46375213112111","1","11","1","16318548","16318548","735","True",""
"1493","46375213123121","1","11","1","14891723","14891723","696","True",""
"1494","46375213333121","1","11","1","12121957","12121957","553","True",""
"1495","46512371331221","1","11","1","15700175","15700175","721","True",""
"1496","46512372113321","1","11","1","17084783","17084783","786","True",""
"1497","46513272332111","1","11","1","12627726","12627726","569","True",""
"1498","46513273113221","1","11","1","12575751","12575751","589","True",""
"1499","46523711331332","1","11","1","15025161","15025161","670","True",""
"1500","46527133111121","1","11","1","12216656","12216656","573","True",""
"1501","46572311223122","1","11","1","16031618","16031618","719","True",""
"1502","46572312132122","1","11","1","13078977","13078977","605","True",""
"1503","46721533123313","1","11","1","16681941","16681941","794","True",""
"1504","47123562232133","1","11","1","18236093","18236093","840","True",""
"1505","47123651233232","1","11","1","13505264","13505264","617","True",""
"1506","47126351233232","1","11","1","18400944","18400944","851","True",""
"1507","47126532133133","1","11","1","15424929","15424929","726","True",""
"1508","47132562311111","1","11","1","14757377","14757377","675","True",""
"1509","47132563222331","1","11","1","19719639","19719639","912","True",""
"1510","47132652233321","1","11","1","14712168","14712168","685","True",""
"1511","47135622132332","1","11","1","13796050","13796050","647","True",""
"1512","47136252133112","1","11","1","19476005","19476005","878","True",""
"1513","47152361233232","1","11","1","12180065","12180065","559","True",""
"1514","47152631322131","1","11","1","15656518","15656518","725","True",""
"1515","47156231332313","1","11","1","15706497","15706497","736","True",""
"1516","47156233211132","1","11","1","15018046","15018046","715","True",""
"1517","47156233223312","1","11","1","12966610","12966610","601","True",""
"1518","47156233233113","1","11","1","15306599","15306599","722","True",""
"1519","47156233322312","1","11","1","12449381","12449381","576","True",""
"1520","47156321111111","1","11","1","15820522","15820522","732","True",""
"1521","47156321133311","1","11","1","16003544","16003544","727","True",""
"1522","47156322132311","1","11","1","13575951","13575951","638","True",""
"1523","47156322313232","1","11","1","12539343","12539343","579","True",""
"1524","47156322332132","1","11","1","11705556","11705556","563","True",""
"1525","47156322332312","1","11","1","12235949","12235949","561","True",""
"1526","47156323223123","1","11","1","13489262","13489262","634","True",""
"1527","47162351322122","1","11","1","13718758","13718758","646","True",""
"1528","47163522131222","1","11","1","13130083","13130083","624","True",""
"1529","47165321232113","1","11","1","17799605","17799605","804","True",""
"1530","47165321322131","1","11","1","25905973","25905973","1179","True",""
"1531","47165322132212","1","11","1","17844960","17844960","809","True",""
"1532","47165322133112","1","11","1","20357292","20357292","918","True",""
"1533","47165322232133","1","11","1","15337294","15337294","703","True",""
"1534","47165322313211","1","11","1","20040022","20040022","921","True",""
"1535","47216352131333","1","11","1","21409774","21409774","975","True",""
"1536","47251363131113","1","11","1","20766860","20766860","955","True",""
"1537","47251632131312","1","11","1","17733104","17733104","816","True",""
"1538","47256133212311","1","11","1","13542577","13542577","639","True",""
"1539","47256133321232","1","11","1","13369283","13369283","616","True",""
"1540","47265312122222","1","11","1","14381691","14381691","668","True",""
"1541","47265312131312","1","11","1","14990490","14990490","680","True",""
"1542","47265312313211","1","11","1","40194506","40194506","1819","True",""
"1543","47321651311133","1","11","1","15031763","15031763","665","True",""
"1544","47352612123131","1","11","1","12907922","12907922","597","True",""
"1545","47352612311132","1","11","1","13295679","13295679","617","True",""
"1546","47352612313211","1","11","1","25117728","25117728","1137","True",""
"1547","47512632312323","1","11","1","12764854","12764854","602","True",""
"1548","47621532232331","1","11","1","11710953","11710953","531","True",""
"1549","47621533231121","1","11","1","12226490","12226490","573","True",""
"1550","47632152233321","1","11","1","12429141","12429141","634","True",""
"1551","47632153212311","1","11","1","15278559","15278559","703","True",""
"1552","47632153232321","1","11","1","14061825","14061825","680","True",""
"1553","47632513212332","1","11","1","19695672","19695672","894","True",""
"1554","47652132231323","1","11","1","15257901","15257901","713","True",""
"1555","47653213211231","1","11","1","19077632","19077632","883","True",""
"1556","47653213232111","1","11","1","11167385","11167385","524","True",""
"1557","51264731113322","1","11","1","12926354","12926354","614","True",""
"1558","51264732213311","1","11","1","12187929","12187929","568","True",""
"1559","51267342312233","1","11","1","21520637","21520637","975","True",""
"1560","51324671211122","1","11","1","14024526","14024526","647","True",""
"1561","51324672212111","1","11","1","18123060","18123060","847","True",""
"1562","51324673113311","1","11","1","21355995","21355995","988","True",""
"1563","51324761111123","1","11","1","15792121","15792121","732","True",""
"1564","51324763113332","1","11","1","15212096","15212096","687","True",""
"1565","51342672212111","1","11","1","17287137","17287137","792","True",""
"1566","51342763312223","1","11","1","30652537","30652537","1400","True",""
"1567","51367241211113","1","11","1","12405699","12405699","592","True",""
"1568","51423671221331","1","11","1","13132809","13132809","649","True",""
"1569","51426731111111","1","11","1","15417169","15417169","704","True",""
"1570","51426733312211","1","11","1","14000287","14000287","655","True",""
"1571","51472361131313","1","11","1","18638008","18638008","892","True",""
"1572","51472633331312","1","11","1","17683517","17683517","828","True",""
"1573","51623471321111","1","11","1","11231112","11231112","518","True",""
"1574","51623743313321","1","11","1","16516397","16516397","775","True",""
"1575","51624731312123","1","11","1","16006192","16006192","755","True",""
"1576","51624733323113","1","11","1","17454292","17454292","827","True",""
"1577","51632741323232","1","11","1","12468719","12468719","580","True",""
"1578","51642371122313","1","11","1","16782963","16782963","792","True",""
"1579","51642731113322","1","11","1","18310258","18310258","858","True",""
"1580","51647231113232","1","11","1","11997483","11997483","569","True",""
"1581","51723643131311","1","11","1","17602555","17602555","814","True",""
"1582","51724362122222","1","11","1","15237212","15237212","707","True",""
"1583","51724363121213","1","11","1","14962495","14962495","691","True",""
"1584","51726433123313","1","11","1","17763491","17763491","828","True",""
"1585","51732643121213","1","11","1","18565164","18565164","859","True",""
"1586","51742632323231","1","11","1","14670694","14670694","684","True",""
"1587","51742632323333","1","11","1","15925853","15925853","721","True",""
"1588","52134761232113","1","11","1","14079934","14079934","633","True",""
"1589","52147631121311","1","11","1","14252061","14252061","679","True",""
"1590","52147631131211","1","11","1","14879496","14879496","660","True",""
"1591","52147631211131","1","11","1","12802860","12802860","577","True",""
"1592","52147631311121","1","11","1","13072717","13072717","590","True",""
"1593","52147632111113","1","11","1","14146668","14146668","653","True",""
"1594","52147633111112","1","11","1","18235318","18235318","819","True",""
"1595","52163471112122","1","11","1","14800108","14800108","651","True",""
"1596","52163471213111","1","11","1","12713073","12713073","600","True",""
"1597","52163471312111","1","11","1","12542491","12542491","572","True",""
"1598","52163471333123","1","11","1","11606153","11606153","523","True",""
"1599","52163472111311","1","11","1","12666866","12666866","573","True",""
"1600","52163472131222","1","11","1","12450251","12450251","571","True",""
"1601","52163473111211","1","11","1","13424248","13424248","620","True",""
"1602","52163473111331","1","11","1","13269335","13269335","612","True",""
"1603","52163473221323","1","11","1","12441470","12441470","567","True",""
"1604","52163473323332","1","11","1","21352465","21352465","970","True",""
"1605","52167342121232","1","11","1","17591070","17591070","793","True",""
"1606","52167432121313","1","11","1","15816753","15816753","707","True",""
"1607","52167432122222","1","11","1","19319861","19319861","879","True",""
"1608","52167432131213","1","11","1","16824847","16824847","769","True",""
"1609","52167433133333","1","11","1","18673610","18673610","834","True",""
"1610","52167433331333","1","11","1","16026591","16026591","708","True",""
"1611","52174633223123","1","11","1","16635791","16635791","768","True",""
"1612","52314673311311","1","11","1","26337390","26337390","1187","True",""
"1613","52314761322122","1","11","1","14982244","14982244","658","True",""
"1614","52341671111111","1","11","1","41907939","41907939","1849","True",""
"1615","52341671122211","1","11","1","15318995","15318995","680","True",""
"1616","52341671311313","1","11","1","12441814","12441814","562","True",""
"1617","52341672211112","1","11","1","15463733","15463733","676","True",""
"1618","52341672232313","1","11","1","14369887","14369887","637","True",""
"1619","52341672323222","1","11","1","15657576","15657576","701","True",""
"1620","52341672323312","1","11","1","20583119","20583119","907","True",""
"1621","52341673133111","1","11","1","13200841","13200841","583","True",""
"1622","52341673232213","1","11","1","14084299","14084299","620","True",""
"1623","52341673232333","1","11","1","12558688","12558688","590","True",""
"1624","52341673323212","1","11","1","20219015","20219015","874","True",""
"1625","52361472121313","1","11","1","19163028","19163028","839","True",""
"1626","52361472131312","1","11","1","15842459","15842459","709","True",""
"1627","52367142211121","1","11","1","16185889","16185889","720","True",""
"1628","52367412322232","1","11","1","13581478","13581478","621","True",""
"1629","52374161112323","1","11","1","14029028","14029028","621","True",""
"1630","52376413222223","1","11","1","15189871","15189871","688","True",""
"1631","52463173212332","1","11","1","18187321","18187321","801","True",""
"1632","52463713212332","1","11","1","18259372","18259372","802","True",""
"1633","52471631223113","1","11","1","13676135","13676135","605","True",""
"1634","52471631323112","1","11","1","14023342","14023342","611","True",""
"1635","52614372313211","1","11","1","22692887","22692887","992","True",""
"1636","52641733212311","1","11","1","13285319","13285319","602","True",""
"1637","52641733232321","1","11","1","13525156","13525156","600","True",""
"1638","52673413232123","1","11","1","12618128","12618128","566","True",""
"1639","52713461232323","1","11","1","12456406","12456406","573","True",""
"1640","52714361232113","1","11","1","20577731","20577731","914","True",""
"1641","52714633213223","1","11","1","13513899","13513899","608","True",""
"1642","52714633223123","1","11","1","13529998","13529998","626","True",""
"1643","52731641233112","1","11","1","11902013","11902013","552","True",""
"1644","52731641323112","1","11","1","11473445","11473445","519","True",""
"1645","52736141322233","1","11","1","13517491","13517491","630","True",""
"1646","52741362313211","1","11","1","15593414","15593414","675","True",""
"1647","52741362313223","1","11","1","17763281","17763281","813","True",""
"1648","52741632122333","1","11","1","19999647","19999647","900","True",""
"1649","52741632123323","1","11","1","24700309","24700309","1079","True",""
"1650","52741632212213","1","11","1","20922776","20922776","910","True",""
"1651","52741632212231","1","11","1","21756840","21756840","963","True",""
"1652","52741632232211","1","11","1","20270756","20270756","879","True",""
"1653","52741633221233","1","11","1","19960279","19960279","911","True",""
"1654","52741633313312","1","11","1","19688054","19688054","891","True",""
"1655","52741633313321","1","11","1","21217918","21217918","944","True",""
"1656","52741633321223","1","11","1","23475552","23475552","1030","True",""
"1657","52741633323311","1","11","1","20516615","20516615","894","True",""
"1658","52743611111213","1","11","1","13593816","13593816","596","True",""
"1659","52743611111312","1","11","1","16791969","16791969","755","True",""
"1660","52743611112131","1","11","1","13582630","13582630","599","True",""
"1661","52743611113121","1","11","1","17080918","17080918","783","True",""
"1662","52743612131111","1","11","1","12949617","12949617","569","True",""
"1663","52743613121111","1","11","1","15682331","15682331","717","True",""
"1664","52761431111213","1","11","1","13491815","13491815","597","True",""
"1665","52761431111312","1","11","1","13583837","13583837","598","True",""
"1666","52761431112131","1","11","1","14133801","14133801","618","True",""
"1667","52761431113121","1","11","1","14324100","14324100","658","True",""
"1668","52761432131111","1","11","1","13760939","13760939","606","True",""
"1669","52761433121111","1","11","1","13215670","13215670","580","True",""
"1670","52763143222331","1","11","1","20889812","20889812","914","True",""
"1671","52763411222312","1","11","1","27702293","27702293","1240","True",""
"1672","52763411333123","1","11","1","18855859","18855859","862","True",""
"1673","52763413222112","1","11","1","28651030","28651030","1277","True",""
"1674","52763413223312","1","11","1","28572912","28572912","1239","True",""
"1675","52763413322312","1","11","1","27732490","27732490","1237","True",""
"1676","53126471231231","1","11","1","16880189","16880189","745","True",""
"1677","53126471231321","1","11","1","13482625","13482625","610","True",""
"1678","53126471321321","1","11","1","14436805","14436805","664","True",""
"1679","53146272123233","1","11","1","19064749","19064749","836","True",""
"1680","53147262123131","1","11","1","13268043","13268043","623","True",""
"1681","53162743312223","1","11","1","31062146","31062146","1353","True",""
"1682","53274163211222","1","11","1","17289961","17289961","774","True",""
"1683","53421671321111","1","11","1","17748425","17748425","816","True",""
"1684","53421671321231","1","11","1","11825991","11825991","521","True",""
"1685","53426171112233","1","11","1","13686885","13686885","604","True",""
"1686","53462711113322","1","11","1","17836650","17836650","788","True",""
"1687","53467211321111","1","11","1","11286085","11286085","513","True",""
"1688","53476121323112","1","11","1","14732268","14732268","655","True",""
"1689","53476121323322","1","11","1","15173554","15173554","684","True",""
"1690","53614721212121","1","11","1","18811079","18811079","823","True",""
"1691","53621471331221","1","11","1","12359016","12359016","584","True",""
"1692","53642171111111","1","11","1","15208526","15208526","689","True",""
"1693","53672142221213","1","11","1","25457625","25457625","1139","True",""
"1694","53714622233111","1","11","1","20938268","20938268","933","True",""
"1695","53721463223312","1","11","1","15598153","15598153","728","True",""
"1696","53724612121112","1","11","1","18517178","18517178","829","True",""
"1697","53726143333121","1","11","1","13314041","13314041","592","True",""
"1698","53741621323112","1","11","1","13669930","13669930","603","True",""
"1699","53741621332112","1","11","1","14098892","14098892","617","True",""
"1700","53742612323333","1","11","1","16180233","16180233","718","True",""
"1701","53761242121211","1","11","1","18363860","18363860","812","True",""
"1702","53761242221213","1","11","1","19452098","19452098","849","True",""
"1703","53761242321212","1","11","1","18225699","18225699","794","True",""
"1704","53762143222331","1","11","1","15548493","15548493","681","True",""
"1705","53762413322123","1","11","1","17024326","17024326","743","True",""
"1706","54123673233323","1","11","1","14836797","14836797","660","True",""
"1707","54126371331221","1","11","1","12566353","12566353","557","True",""
"1708","54127632131213","1","11","1","18068343","18068343","807","True",""
"1709","54127632222212","1","11","1","17142276","17142276","746","True",""
"1710","54127633131212","1","11","1","18059827","18059827","823","True",""
"1711","54127633133333","1","11","1","18927281","18927281","827","True",""
"1712","54127633333313","1","11","1","17593005","17593005","799","True",""
"1713","54163271133221","1","11","1","13932646","13932646","633","True",""
"1714","54163272233111","1","11","1","18128320","18128320","813","True",""
"1715","54167231121113","1","11","1","12615990","12615990","553","True",""
"1716","54167231131112","1","11","1","12800726","12800726","565","True",""
"1717","54167231221211","1","11","1","13655320","13655320","606","True",""
"1718","54167231333213","1","11","1","12641201","12641201","576","True",""
"1719","54167232112112","1","11","1","13572160","13572160","601","True",""
"1720","54167232133313","1","11","1","14387047","14387047","656","True",""
"1721","54167232333113","1","11","1","12567439","12567439","569","True",""
"1722","54167233232333","1","11","1","16212495","16212495","734","True",""
"1723","54167233331213","1","11","1","14301420","14301420","646","True",""
"1724","54172633132313","1","11","1","17688620","17688620","766","True",""
"1725","54217362233213","1","11","1","29183115","29183115","1265","True",""
"1726","54217632132212","1","11","1","26098890","26098890","1207","True",""
"1727","54231671123111","1","11","1","13545330","13545330","631","True",""
"1728","54231673123121","1","11","1","11863708","11863708","547","True",""
"1729","54261373123121","1","11","1","12878783","12878783","590","True",""
"1730","54261732231233","1","11","1","15924965","15924965","726","True",""
"1731","54276132233312","1","11","1","15491421","15491421","713","True",""
"1732","54312671131331","1","11","1","13315315","13315315","616","True",""
"1733","54312672212111","1","11","1","14560380","14560380","653","True",""
"1734","54312673311311","1","11","1","24757358","24757358","1098","True",""
"1735","54317261113112","1","11","1","11916027","11916027","539","True",""
"1736","54317621111222","1","11","1","15614259","15614259","707","True",""
"1737","54321672212213","1","11","1","21149141","21149141","941","True",""
"1738","54321672212231","1","11","1","19808035","19808035","895","True",""
"1739","54321672232211","1","11","1","20694711","20694711","916","True",""
"1740","54321673313312","1","11","1","29987858","29987858","1339","True",""
"1741","54321673313321","1","11","1","30819243","30819243","1370","True",""
"1742","54321673323311","1","11","1","30714825","30714825","1335","True",""
"1743","54321761211221","1","11","1","12925799","12925799","605","True",""
"1744","54321763113113","1","11","1","17482841","17482841","781","True",""
"1745","54326171111231","1","11","1","17582937","17582937","785","True",""
"1746","54326171112233","1","11","1","12466943","12466943","558","True",""
"1747","54326171321231","1","11","1","12672558","12672558","576","True",""
"1748","54326711112212","1","11","1","16163648","16163648","705","True",""
"1749","54327612223232","1","11","1","14127722","14127722","640","True",""
"1750","54361272223232","1","11","1","14404196","14404196","649","True",""
"1751","54362171113133","1","11","1","15009852","15009852","671","True",""
"1752","54362711111231","1","11","1","12009584","12009584","544","True",""
"1753","54362711323112","1","11","1","14662722","14662722","661","True",""
"1754","54367121112212","1","11","1","17829414","17829414","779","True",""
"1755","54367121113211","1","11","1","14705907","14705907","643","True",""
"1756","54367121113331","1","11","1","20321676","20321676","901","True",""
"1757","54367122211121","1","11","1","16301342","16301342","707","True",""
"1758","54367122311111","1","11","1","14727624","14727624","666","True",""
"1759","54367123311113","1","11","1","14667629","14667629","670","True",""
"1760","54367211132222","1","11","1","19936877","19936877","884","True",""
"1761","54367211213333","1","11","1","24904812","24904812","1086","True",""
"1762","54367211222132","1","11","1","20323423","20323423","910","True",""
"1763","54367211333213","1","11","1","21646400","21646400","951","True",""
"1764","54367212211322","1","11","1","24744439","24744439","1082","True",""
"1765","54367212231122","1","11","1","21078123","21078123","921","True",""
"1766","54367212233213","1","11","1","20264426","20264426","888","True",""
"1767","54367212332213","1","11","1","20818966","20818966","922","True",""
"1768","54367212333113","1","11","1","21833007","21833007","970","True",""
"1769","54367213112222","1","11","1","23493115","23493115","1021","True",""
"1770","54367213312133","1","11","1","23006041","23006041","1023","True",""
"1771","54371261113331","1","11","1","15353646","15353646","695","True",""
"1772","54371621113112","1","11","1","18004975","18004975","781","True",""
"1773","54371621113322","1","11","1","12345967","12345967","553","True",""
"1774","54376121322233","1","11","1","14421818","14421818","632","True",""
"1775","54376211111132","1","11","1","14808893","14808893","665","True",""
"1776","54376211111222","1","11","1","13655855","13655855","618","True",""
"1777","54376211113133","1","11","1","15445066","15445066","694","True",""
"1778","54612371112311","1","11","1","21925746","21925746","973","True",""
"1779","54612372222131","1","11","1","16163808","16163808","719","True",""
"1780","54612732112223","1","11","1","15270838","15270838","691","True",""
"1781","54612733322213","1","11","1","15473135","15473135","680","True",""
"1782","54621371133311","1","11","1","14249124","14249124","633","True",""
"1783","54621372211121","1","11","1","15591930","15591930","681","True",""
"1784","54637211132111","1","11","1","12046757","12046757","537","True",""
"1785","54671232221213","1","11","1","16423540","16423540","742","True",""
"1786","54712361323313","1","11","1","15579722","15579722","734","True",""
"1787","54712362223322","1","11","1","16345857","16345857","728","True",""
"1788","54716232222113","1","11","1","16176717","16176717","730","True",""
"1789","54716321112323","1","11","1","15632191","15632191","690","True",""
"1790","54716322313223","1","11","1","12913858","12913858","590","True",""
"1791","54721631111111","1","11","1","49850258","49850258","2191","True",""
"1792","54721631122121","1","11","1","14615219","14615219","673","True",""
"1793","54721631311133","1","11","1","13860125","13860125","635","True",""
"1794","54721632133232","1","11","1","13518809","13518809","607","True",""
"1795","54721632212222","1","11","1","14420311","14420311","659","True",""
"1796","54721632212231","1","11","1","12576503","12576503","554","True",""
"1797","54721633231322","1","11","1","13417101","13417101","606","True",""
"1798","54721633313321","1","11","1","14422822","14422822","637","True",""
"1799","54721633333331","1","11","1","12672737","12672737","588","True",""
"1800","54723612131312","1","11","1","19525161","19525161","889","True",""
"1801","54723612221222","1","11","1","15977676","15977676","739","True",""
"1802","54723612222212","1","11","1","16360162","16360162","733","True",""
"1803","54723613121312","1","11","1","17958348","17958348","796","True",""
"1804","54723613333313","1","11","1","18138740","18138740","781","True",""
"1805","54761233322321","1","11","1","13966128","13966128","617","True",""
"1806","54763212322232","1","11","1","13263289","13263289","617","True",""
"1807","56123471222312","1","11","1","19417827","19417827","858","True",""
"1808","56123471223221","1","11","1","18429883","18429883","834","True",""
"1809","56123471331332","1","11","1","23596471","23596471","1034","True",""
"1810","56123471333123","1","11","1","20265778","20265778","899","True",""
"1811","56123472322121","1","11","1","19489065","19489065","889","True",""
"1812","56123472331331","1","11","1","18288561","18288561","840","True",""
"1813","56123473133132","1","11","1","21532594","21532594","966","True",""
"1814","56123473133231","1","11","1","18124248","18124248","853","True",""
"1815","56123473222112","1","11","1","18735876","18735876","837","True",""
"1816","56123473223312","1","11","1","18689554","18689554","818","True",""
"1817","56123473322312","1","11","1","19377155","19377155","857","True",""
"1818","56124371111231","1","11","1","11714510","11714510","518","True",""
"1819","56124371232323","1","11","1","16099994","16099994","698","True",""
"1820","56127433332323","1","11","1","14357349","14357349","624","True",""
"1821","56132472333332","1","11","1","14601095","14601095","664","True",""
"1822","56132473211111","1","11","1","14170635","14170635","649","True",""
"1823","56132473213211","1","11","1","14172056","14172056","651","True",""
"1824","56143273332323","1","11","1","17725224","17725224","778","True",""
"1825","56147231222132","1","11","1","31426228","31426228","1403","True",""
"1826","56147231333213","1","11","1","19524830","19524830","891","True",""
"1827","56147232233213","1","11","1","20338874","20338874","897","True",""
"1828","56147232332213","1","11","1","21024517","21024517","965","True",""
"1829","56147232333113","1","11","1","20367165","20367165","956","True",""
"1830","56147322333233","1","11","1","18181193","18181193","816","True",""
"1831","56173421113112","1","11","1","11885745","11885745","547","True",""
"1832","56174232323333","1","11","1","16045354","16045354","734","True",""
"1833","56174321232113","1","11","1","19713161","19713161","878","True",""
"1834","56213471111111","1","11","1","16270297","16270297","726","True",""
"1835","56213743313333","1","11","1","19106267","19106267","836","True",""
"1836","56243173133111","1","11","1","17407477","17407477","784","True",""
"1837","56243713121333","1","11","1","17826341","17826341","783","True",""
"1838","56247132333233","1","11","1","14658353","14658353","655","True",""
"1839","56271433111313","1","11","1","19575658","19575658","849","True",""
"1840","56271433123313","1","11","1","19091689","19091689","841","True",""
"1841","56271433132313","1","11","1","20069460","20069460","888","True",""
"1842","56274132331133","1","11","1","15571221","15571221","682","True",""
"1843","56274312313211","1","11","1","22783162","22783162","1007","True",""
"1844","56321473233323","1","11","1","12993494","12993494","589","True",""
"1845","56321742211112","1","11","1","19382542","19382542","843","True",""
"1846","56324171221331","1","11","1","12737294","12737294","568","True",""
"1847","56327411211332","1","11","1","12841759","12841759","570","True",""
"1848","56327413213112","1","11","1","12690032","12690032","603","True",""
"1849","56341273121213","1","11","1","18583969","18583969","854","True",""
"1850","56341273131212","1","11","1","16667798","16667798","731","True",""
"1851","56347122333233","1","11","1","16672770","16672770","722","True",""
"1852","56347211213111","1","11","1","13134634","13134634","588","True",""
"1853","56347211222132","1","11","1","13425268","13425268","600","True",""
"1854","56347211312111","1","11","1","12438609","12438609","557","True",""
"1855","56347211331131","1","11","1","12096032","12096032","534","True",""
"1856","56347212111221","1","11","1","21870723","21870723","966","True",""
"1857","56347212111311","1","11","1","16518154","16518154","734","True",""
"1858","56347212123233","1","11","1","15171008","15171008","686","True",""
"1859","56347212232223","1","11","1","14585605","14585605","667","True",""
"1860","56347213111211","1","11","1","15822885","15822885","711","True",""
"1861","56347213131332","1","11","1","13877545","13877545","628","True",""
"1862","56423171231231","1","11","1","11679816","11679816","541","True",""
"1863","56423171231321","1","11","1","14254633","14254633","633","True",""
"1864","56423171321321","1","11","1","12858944","12858944","558","True",""
"1865","56423172112121","1","11","1","14652910","14652910","658","True",""
"1866","56423173132121","1","11","1","13244520","13244520","589","True",""
"1867","56423173133111","1","11","1","14516266","14516266","648","True",""
"1868","56432713122122","1","11","1","15212008","15212008","661","True",""
"1869","56712341232113","1","11","1","13292769","13292769","586","True",""
"1870","56712343211123","1","11","1","14588231","14588231","659","True",""
"1871","56721343123331","1","11","1","15707126","15707126","699","True",""
"1872","56721432312233","1","11","1","18278549","18278549","806","True",""
"1873","56723411113313","1","11","1","13502747","13502747","595","True",""
"1874","56723411121113","1","11","1","13724416","13724416","598","True",""
"1875","56723411131112","1","11","1","12598202","12598202","587","True",""
"1876","56723411222312","1","11","1","12341202","12341202","556","True",""
"1877","56723412122312","1","11","1","12098575","12098575","532","True",""
"1878","56723412323222","1","11","1","13233943","13233943","589","True",""
"1879","56723413221212","1","11","1","12759934","12759934","566","True",""
"1880","56723413222112","1","11","1","12561796","12561796","580","True",""
"1881","56723413331111","1","11","1","12775026","12775026","572","True",""
"1882","56732143122113","1","11","1","17636024","17636024","778","True",""
"1883","56741231121311","1","11","1","13296165","13296165","580","True",""
"1884","56741231131211","1","11","1","17248878","17248878","752","True",""
"1885","56741231211131","1","11","1","16748947","16748947","764","True",""
"1886","56741231311121","1","11","1","12817354","12817354","580","True",""
"1887","56741232111113","1","11","1","14673652","14673652","665","True",""
"1888","56741233111112","1","11","1","14500663","14500663","634","True",""
"1889","56743212122222","1","11","1","16031682","16031682","697","True",""
"1890","56743212221222","1","11","1","19013817","19013817","831","True",""
"1891","56743213121213","1","11","1","19824894","19824894","873","True",""
"1892","56743213121312","1","11","1","17227421","17227421","772","True",""
"1893","56743213331333","1","11","1","18727940","18727940","830","True",""
"1894","57123461111111","1","11","1","15446114","15446114","717","True",""
"1895","57164322131312","1","11","1","14413046","14413046","653","True",""
"1896","57214361323232","1","11","1","11968870","11968870","529","True",""
"1897","57214632212213","1","11","1","25924422","25924422","1125","True",""
"1898","57236141113232","1","11","1","13057491","13057491","589","True",""
"1899","57236141322233","1","11","1","12683485","12683485","590","True",""
"1900","57236141323232","1","11","1","18545592","18545592","819","True",""
"1901","57241631322113","1","11","1","11526724","11526724","527","True",""
"1902","57241631323112","1","11","1","11171159","11171159","524","True",""
"1903","57246131112233","1","11","1","14453931","14453931","652","True",""
"1904","57264132111323","1","11","1","16110101","16110101","722","True",""
"1905","57321641311112","1","11","1","13382701","13382701","588","True",""
"1906","57321642311132","1","11","1","13429488","13429488","605","True",""
"1907","57364212213311","1","11","1","18161787","18161787","825","True",""
"1908","57364212313211","1","11","1","15329174","15329174","692","True",""
"1909","57364213332122","1","11","1","12024244","12024244","548","True",""
"1910","57642311113322","1","11","1","13412008","13412008","594","True",""
"1911","61234572231323","1","11","1","14759750","14759750","656","True",""
"1912","61234573232213","1","11","1","13304219","13304219","604","True",""
"1913","61235741313131","1","11","1","23330254","23330254","1029","True",""
"1914","61257343232123","1","11","1","13248537","13248537","616","True",""
"1915","61274351313131","1","11","1","17698109","17698109","775","True",""
"1916","61274532231323","1","11","1","14537787","14537787","650","True",""
"1917","61352472233321","1","11","1","12415580","12415580","554","True",""
"1918","61352472313211","1","11","1","24561855","24561855","1091","True",""
"1919","61452731311313","1","11","1","18166801","18166801","797","True",""
"1920","61453721111111","1","11","1","15910534","15910534","698","True",""
"1921","61453721311112","1","11","1","12830274","12830274","573","True",""
"1922","61453723111121","1","11","1","12668566","12668566","573","True",""
"1923","61472532123332","1","11","1","14182544","14182544","629","True",""
"1924","61472533112111","1","11","1","12012657","12012657","546","True",""
"1925","61527431111111","1","11","1","16626923","16626923","739","True",""
"1926","61534272311132","1","11","1","16546052","16546052","732","True",""
"1927","61534721112311","1","11","1","14294565","14294565","639","True",""
"1928","61534721113211","1","11","1","13478505","13478505","603","True",""
"1929","61543271111111","1","11","1","17452191","17452191","776","True",""
"1930","61543271112311","1","11","1","14770825","14770825","657","True",""
"1931","61572432312323","1","11","1","13511133","13511133","593","True",""
"1932","61734523222331","1","11","1","18393480","18393480","821","True",""
"1933","62134572321323","1","11","1","17601346","17601346","791","True",""
"1934","62135471122121","1","11","1","14458587","14458587","645","True",""
"1935","62135472132131","1","11","1","12464687","12464687","563","True",""
"1936","62135473122131","1","11","1","12046941","12046941","533","True",""
"1937","62135473123121","1","11","1","15735082","15735082","693","True",""
"1938","62135473131131","1","11","1","14444890","14444890","652","True",""
"1939","62135473132121","1","11","1","14131454","14131454","637","True",""
"1940","62135473232231","1","11","1","13301978","13301978","592","True",""
"1941","62135473322321","1","11","1","14182755","14182755","626","True",""
"1942","62135743222331","1","11","1","14694326","14694326","637","True",""
"1943","62135743312223","1","11","1","24562624","24562624","1064","True",""
"1944","62147353123121","1","11","1","13538323","13538323","611","True",""
"1945","62147353132121","1","11","1","11448433","11448433","521","True",""
"1946","62154733321121","1","11","1","12092067","12092067","540","True",""
"1947","62157342132212","1","11","1","17182652","17182652","760","True",""
"1948","62173543232132","1","11","1","13332664","13332664","594","True",""
"1949","62174351122133","1","11","1","18595400","18595400","815","True",""
"1950","62174533311212","1","11","1","16803893","16803893","734","True",""
"1951","62317453112111","1","11","1","11768155","11768155","528","True",""
"1952","62317453312211","1","11","1","18951861","18951861","824","True",""
"1953","62351743112123","1","11","1","21757338","21757338","959","True",""
"1954","62371453311311","1","11","1","16310993","16310993","701","True",""
"1955","62374511322311","1","11","1","11508929","11508929","518","True",""
"1956","62374513112321","1","11","1","13551526","13551526","604","True",""
"1957","62374513312112","1","11","1","10999190","10999190","485","True",""
"1958","62435172211133","1","11","1","19803692","19803692","880","True",""
"1959","62435172311132","1","11","1","21257828","21257828","923","True",""
"1960","62435711222222","1","11","1","13312518","13312518","606","True",""
"1961","62453713311122","1","11","1","16790249","16790249","741","True",""
"1962","62471532232133","1","11","1","13889928","13889928","612","True",""
"1963","62475131322323","1","11","1","13397228","13397228","606","True",""
"1964","62531472321233","1","11","1","14770258","14770258","650","True",""
"1965","62543711211113","1","11","1","14473919","14473919","631","True",""
"1966","62543711311112","1","11","1","12220336","12220336","533","True",""
"1967","62571432321233","1","11","1","18111090","18111090","785","True",""
"1968","62735143223213","1","11","1","16234706","16234706","706","True",""
"1969","63125741112323","1","11","1","24533993","24533993","1058","True",""
"1970","63125743131233","1","11","1","13040690","13040690","566","True",""
"1971","63125743133312","1","11","1","13814700","13814700","612","True",""
"1972","63142571111111","1","11","1","15072654","15072654","661","True",""
"1973","63142571132321","1","11","1","20975978","20975978","915","True",""
"1974","63142573112123","1","11","1","20384629","20384629","881","True",""
"1975","63172452312323","1","11","1","12153629","12153629","534","True",""
"1976","63172452313211","1","11","1","24989964","24989964","1096","True",""
"1977","63174522332132","1","11","1","13265462","13265462","585","True",""
"1978","63247511123132","1","11","1","12449982","12449982","547","True",""
"1979","63251743133231","1","11","1","18773616","18773616","818","True",""
"1980","63452711311313","1","11","1","14427120","14427120","629","True",""
"1981","63452712333221","1","11","1","13606756","13606756","599","True",""
"1982","63471522123131","1","11","1","15322264","15322264","675","True",""
"1983","63471522323132","1","11","1","16801991","16801991","734","True",""
"1984","63471522332132","1","11","1","13720783","13720783","600","True",""
"1985","63472512123332","1","11","1","15093967","15093967","664","True",""
"1986","63512743313333","1","11","1","19513582","19513582","845","True",""
"1987","63541271212211","1","11","1","23022362","23022362","1002","True",""
"1988","63542713121333","1","11","1","21411092","21411092","941","True",""
"1989","63574212123131","1","11","1","13165617","13165617","574","True",""
"1990","63574212313211","1","11","1","21313926","21313926","926","True",""
"1991","63712542221111","1","11","1","14181732","14181732","620","True",""
"1992","63714252123131","1","11","1","16530729","16530729","715","True",""
"1993","63714521112323","1","11","1","16030892","16030892","701","True",""
"1994","63714522332132","1","11","1","12129823","12129823","541","True",""
"1995","63721541233322","1","11","1","13811697","13811697","599","True",""
"1996","63724153121213","1","11","1","19112944","19112944","836","True",""
"1997","63725141112323","1","11","1","23585935","23585935","1028","True",""
"1998","63725141233121","1","11","1","15990656","15990656","694","True",""
"1999","63725142123131","1","11","1","21604401","21604401","947","True",""
"2000","63725142223133","1","11","1","19546817","19546817","856","True",""
"2001","63725143122113","1","11","1","17961005","17961005","787","True",""
"2002","63725143123313","1","11","1","25253573","25253573","1100","True",""
"2003","63741252222323","1","11","1","14978176","14978176","651","True",""
"2004","63741522123131","1","11","1","15457770","15457770","704","True",""
"2005","63742511232221","1","11","1","15306069","15306069","671","True",""
"2006","63745123122212","1","11","1","13092693","13092693","579","True",""
"2007","63751242221321","1","11","1","18291142","18291142","805","True",""
"2008","63751423122311","1","11","1","16129695","16129695","729","True",""
"2009","63752141111111","1","11","1","19616017","19616017","861","True",""
"2010","63752141122211","1","11","1","16510261","16510261","738","True",""
"2011","63752141123213","1","11","1","12923190","12923190","576","True",""
"2012","63752142332132","1","11","1","11931102","11931102","520","True",""
"2013","63752143123223","1","11","1","12504011","12504011","573","True",""
"2014","63752143212323","1","11","1","12250099","12250099","548","True",""
"2015","63752143223123","1","11","1","14375399","14375399","641","True",""
"2016","63752411223212","1","11","1","12560440","12560440","561","True",""
"2017","63752411333213","1","11","1","21163455","21163455","941","True",""
"2018","63752412312323","1","11","1","16379028","16379028","729","True",""
"2019","63752412322112","1","11","1","13146733","13146733","593","True",""
"2020","63752412333113","1","11","1","21110354","21110354","940","True",""
"2021","63754213122122","1","11","1","13747942","13747942","617","True",""
"2022","64125371131313","1","11","1","21601418","21601418","960","True",""
"2023","64157321133212","1","11","1","28663824","28663824","1276","True",""
"2024","64231572311132","1","11","1","15783415","15783415","705","True",""
"2025","64257131113223","1","11","1","13998819","13998819","630","True",""
"2026","64271533221212","1","11","1","14883855","14883855","664","True",""
"2027","64275131212223","1","11","1","16798774","16798774","743","True",""
"2028","64275131312123","1","11","1","16224211","16224211","729","True",""
"2029","64275132211133","1","11","1","20064827","20064827","909","True",""
"2030","64275132232133","1","11","1","19422321","19422321","869","True",""
"2031","64275133231112","1","11","1","18378656","18378656","823","True",""
"2032","64275133312211","1","11","1","15461201","15461201","690","True",""
"2033","64275311112332","1","11","1","14821297","14821297","659","True",""
"2034","64275311222222","1","11","1","12844150","12844150","597","True",""
"2035","64275313312211","1","11","1","13700853","13700853","609","True",""
"2036","64321572111131","1","11","1","16466597","16466597","730","True",""
"2037","64321572132131","1","11","1","13680594","13680594","610","True",""
"2038","64321572311132","1","11","1","15336656","15336656","708","True",""
"2039","64325713121222","1","11","1","27331308","27331308","1192","True",""
"2040","64351272132131","1","11","1","13728962","13728962","612","True",""
"2041","64357212313211","1","11","1","15753925","15753925","701","True",""
"2042","64357213231322","1","11","1","19060857","19060857","846","True",""
"2043","64357213312211","1","11","1","17419580","17419580","774","True",""
"2044","64531271212211","1","11","1","22265497","22265497","986","True",""
"2045","64531272132131","1","11","1","12538427","12538427","548","True",""
"2046","64531273122131","1","11","1","12284921","12284921","550","True",""
"2047","64531273123121","1","11","1","16100886","16100886","715","True",""
"2048","64531273311311","1","11","1","13473959","13473959","598","True",""
"2049","64531273312211","1","11","1","12532323","12532323","556","True",""
"2050","64572131122223","1","11","1","13650882","13650882","612","True",""
"2051","64713253112111","1","11","1","11726809","11726809","530","True",""
"2052","65123471112311","1","11","1","13245149","13245149","588","True",""
"2053","65123471233232","1","11","1","11482681","11482681","514","True",""
"2054","65123472312311","1","11","1","13764420","13764420","606","True",""
"2055","65132471212112","1","11","1","14310435","14310435","640","True",""
"2056","65132471222111","1","11","1","13833778","13833778","617","True",""
"2057","65132471231321","1","11","1","15920474","15920474","713","True",""
"2058","65132471323121","1","11","1","15335675","15335675","686","True",""
"2059","65132472131231","1","11","1","12466457","12466457","564","True",""
"2060","65132472212231","1","11","1","20650154","20650154","916","True",""
"2061","65132472233321","1","11","1","16339607","16339607","717","True",""
"2062","65132473111331","1","11","1","15923721","15923721","707","True",""
"2063","65132473313312","1","11","1","12950097","12950097","575","True",""
"2064","65132473323311","1","11","1","13247108","13247108","597","True",""
"2065","65132741223323","1","11","1","12899536","12899536","584","True",""
"2066","65132743222331","1","11","1","16164996","16164996","724","True",""
"2067","65134721233232","1","11","1","14570942","14570942","659","True",""
"2068","65147321232113","1","11","1","18652273","18652273","829","True",""
"2069","65172431132333","1","11","1","15770259","15770259","714","True",""
"2070","65174232123131","1","11","1","13722557","13722557","606","True",""
"2071","65174232133313","1","11","1","13624696","13624696","593","True",""
"2072","65174232323312","1","11","1","15130614","15130614","665","True",""
"2073","65174233323212","1","11","1","15038155","15038155","652","True",""
"2074","65174233331213","1","11","1","14317066","14317066","625","True",""
"2075","65174322313211","1","11","1","14694684","14694684","641","True",""
"2076","65174323223123","1","11","1","14395903","14395903","624","True",""
"2077","65213741111111","1","11","1","16068807","16068807","712","True",""
"2078","65241371111111","1","11","1","15409123","15409123","679","True",""
"2079","65243712121322","1","11","1","20359631","20359631","883","True",""
"2080","65271341332331","1","11","1","15002147","15002147","659","True",""
"2081","65271432231233","1","11","1","15329794","15329794","676","True",""
"2082","65274131111111","1","11","1","18142760","18142760","811","True",""
"2083","65274131311313","1","11","1","12577414","12577414","552","True",""
"2084","65274131312213","1","11","1","14180412","14180412","639","True",""
"2085","65274132123332","1","11","1","13667523","13667523","606","True",""
"2086","65274133132223","1","11","1","13596992","13596992","619","True",""
"2087","65274133232321","1","11","1","12253984","12253984","551","True",""
"2088","65274133312223","1","11","1","13331179","13331179","586","True",""
"2089","65314272311132","1","11","1","12645757","12645757","575","True",""
"2090","65314272313211","1","11","1","21044933","21044933","907","True",""
"2091","65321472111122","1","11","1","16167460","16167460","721","True",""
"2092","65417321232113","1","11","1","13163097","13163097","597","True",""
"2093","65417323223123","1","11","1","12115672","12115672","551","True",""
"2094","65417323232123","1","11","1","13151280","13151280","590","True",""
"2095","65423713321322","1","11","1","14659789","14659789","659","True",""
"2096","65432173232321","1","11","1","14325173","14325173","649","True",""
"2097","65471231132213","1","11","1","17177391","17177391","772","True",""
"2098","65714323223123","1","11","1","14060342","14060342","637","True",""
"2099","65723143321313","1","11","1","13123478","13123478","593","True",""
"2100","65732411333123","1","11","1","27994014","27994014","1242","True",""
"2101","65742311212313","1","11","1","12878002","12878002","584","True",""
"2102","67132541133311","1","11","1","22865804","22865804","1010","True",""
"2103","67145323133312","1","11","1","14396767","14396767","641","True",""
"2104","67154233323332","1","11","1","21241247","21241247","921","True",""
"2105","67215343333133","1","11","1","17762696","17762696","807","True",""
"2106","67231541323112","1","11","1","16732963","16732963","747","True",""
"2107","67231543323122","1","11","1","16794086","16794086","788","True",""
"2108","67234513332122","1","11","1","13131055","13131055","581","True",""
"2109","67245131313323","1","11","1","13680304","13680304","608","True",""
"2110","67245311112311","1","11","1","20253302","20253302","886","True",""
"2111","67245311133233","1","11","1","16360736","16360736","712","True",""
"2112","67254311131133","1","11","1","21973642","21973642","970","True",""
"2113","67254313311113","1","11","1","13609422","13609422","598","True",""
"2114","67312452233321","1","11","1","13983600","13983600","614","True",""
"2115","67312541121221","1","11","1","13597163","13597163","595","True",""
"2116","67312542221111","1","11","1","17353638","17353638","765","True",""
"2117","67321451111123","1","11","1","13134545","13134545","573","True",""
"2118","67321451112311","1","11","1","14113163","14113163","627","True",""
"2119","67321451212211","1","11","1","22879331","22879331","992","True",""
"2120","67321451311133","1","11","1","14687894","14687894","655","True",""
"2121","67321452111122","1","11","1","13664924","13664924","615","True",""
"2122","67321453113311","1","11","1","15316672","15316672","667","True",""
"2123","67321542232133","1","11","1","14495710","14495710","646","True",""
"2124","67341252222323","1","11","1","15412085","15412085","667","True",""
"2125","67342512222113","1","11","1","15530411","15530411","690","True",""
"2126","67345122223133","1","11","1","20290250","20290250","883","True",""
"2127","67345122232133","1","11","1","19577130","19577130","855","True",""
"2128","67345211111123","1","11","1","13107422","13107422","593","True",""
"2129","67345211111132","1","11","1","14141546","14141546","646","True",""
"2130","67345211112233","1","11","1","13621256","13621256","596","True",""
"2131","67345211113322","1","11","1","13206830","13206830","596","True",""
"2132","67345211211122","1","11","1","14658288","14658288","645","True",""
"2133","67345211311133","1","11","1","14444661","14444661","647","True",""
"2134","67345212111122","1","11","1","13248577","13248577","583","True",""
"2135","67345213111133","1","11","1","15593383","15593383","689","True",""
"2136","67354121111111","1","11","1","15154706","15154706","658","True",""
"2137","67354211212121","1","11","1","14890837","14890837","644","True",""
"2138","67354211313113","1","11","1","21752720","21752720","948","True",""
"2139","67354211333111","1","11","1","21667423","21667423","961","True",""
"2140","67354212111221","1","11","1","15070859","15070859","678","True",""
"2141","67354212212222","1","11","1","14140498","14140498","631","True",""
"2142","67354212311132","1","11","1","14303013","14303013","641","True",""
"2143","67354213111313","1","11","1","17408777","17408777","788","True",""
"2144","67354213131311","1","11","1","16611576","16611576","735","True",""
"2145","67354213211132","1","11","1","14115272","14115272","634","True",""
"2146","67354213313333","1","11","1","14217329","14217329","640","True",""
"2147","67412353132121","1","11","1","16399185","16399185","743","True",""
"2148","67412353332221","1","11","1","12774551","12774551","614","True",""
"2149","67412531131133","1","11","1","15630610","15630610","690","True",""
"2150","67435121332112","1","11","1","11834206","11834206","537","True",""
"2151","67435123123121","1","11","1","11891925","11891925","530","True",""
"2152","67452313321232","1","11","1","16802687","16802687","735","True",""
"2153","71234563231322","1","11","1","15787718","15787718","687","True",""
"2154","71263541333222","1","11","1","19993647","19993647","869","True",""
"2155","71263542323123","1","11","1","20191137","20191137","875","True",""
"2156","71264533131323","1","11","1","20278994","20278994","887","True",""
"2157","71264533221323","1","11","1","20007153","20007153","874","True",""
"2158","71264533231223","1","11","1","23423514","23423514","1025","True",""
"2159","71264533231313","1","11","1","21353208","21353208","941","True",""
"2160","71326451211311","1","11","1","13120016","13120016","570","True",""
"2161","71326453132121","1","11","1","12822621","12822621","559","True",""
"2162","71326543333313","1","11","1","18973934","18973934","820","True",""
"2163","71345262132131","1","11","1","14797227","14797227","646","True",""
"2164","71362453113311","1","11","1","15586117","15586117","696","True",""
"2165","71365423331312","1","11","1","17965860","17965860","789","True",""
"2166","71423563213232","1","11","1","14772562","14772562","653","True",""
"2167","71423653213232","1","11","1","13857972","13857972","606","True",""
"2168","71426353312211","1","11","1","14769964","14769964","657","True",""
"2169","71426533333223","1","11","1","16692252","16692252","733","True",""
"2170","71432561232323","1","11","1","14915601","14915601","683","True",""
"2171","71432561323232","1","11","1","11633738","11633738","536","True",""
"2172","71432562111221","1","11","1","13905116","13905116","666","True",""
"2173","71432563232213","1","11","1","14802828","14802828","668","True",""
"2174","71432563323113","1","11","1","12531459","12531459","558","True",""
"2175","71432563323122","1","11","1","13443308","13443308","599","True",""
"2176","71432563332113","1","11","1","12630330","12630330","589","True",""
"2177","71435261322233","1","11","1","17284174","17284174","757","True",""
"2178","71435262222122","1","11","1","15672335","15672335","701","True",""
"2179","71435263211123","1","11","1","18353021","18353021","837","True",""
"2180","71435263311122","1","11","1","17145133","17145133","774","True",""
"2181","71435263333133","1","11","1","17465065","17465065","757","True",""
"2182","71435263333223","1","11","1","17628544","17628544","785","True",""
"2183","71435623333331","1","11","1","17214206","17214206","787","True",""
"2184","71436253333112","1","11","1","18904921","18904921","836","True",""
"2185","71452363213232","1","11","1","13520961","13520961","606","True",""
"2186","71452632222131","1","11","1","18058738","18058738","783","True",""
"2187","71453262222221","1","11","1","14469267","14469267","632","True",""
"2188","71453623311122","1","11","1","19696366","19696366","869","True",""
"2189","71456321322323","1","11","1","13695699","13695699","604","True",""
"2190","71456322111221","1","11","1","14341783","14341783","643","True",""
"2191","71462531113322","1","11","1","17185148","17185148","756","True",""
"2192","71462532111212","1","11","1","14816309","14816309","662","True",""
"2193","71462532121112","1","11","1","15295467","15295467","681","True",""
"2194","71462533111223","1","11","1","18388747","18388747","799","True",""
"2195","71462533221113","1","11","1","15057188","15057188","674","True",""
"2196","71463523331222","1","11","1","15378875","15378875","690","True",""
"2197","71523463131311","1","11","1","19548751","19548751","857","True",""
"2198","71523463231313","1","11","1","20232997","20232997","878","True",""
"2199","71523463331312","1","11","1","19278163","19278163","851","True",""
"2200","71532463221332","1","11","1","14891985","14891985","664","True",""
"2201","71534262122222","1","11","1","18883711","18883711","849","True",""
"2202","71542633132322","1","11","1","14537839","14537839","658","True",""
"2203","71543622111131","1","11","1","12303363","12303363","564","True",""
"2204","71543623111121","1","11","1","13682340","13682340","612","True",""
"2205","71546233331213","1","11","1","18753900","18753900","819","True",""
"2206","71546322231212","1","11","1","19446852","19446852","866","True",""
"2207","71562433123232","1","11","1","14025389","14025389","615","True",""
"2208","71563243221221","1","11","1","15737147","15737147","687","True",""
"2209","71625433213133","1","11","1","25163365","25163365","1093","True",""
"2210","71643252231212","1","11","1","19135460","19135460","839","True",""
"2211","71643523331213","1","11","1","19668545","19668545","857","True",""
"2212","72134562312212","1","11","1","17788940","17788940","771","True",""
"2213","72136541322233","1","11","1","13201033","13201033","575","True",""
"2214","72143563222331","1","11","1","13347454","13347454","609","True",""
"2215","72143651121113","1","11","1","13418500","13418500","588","True",""
"2216","72143651131112","1","11","1","14285629","14285629","642","True",""
"2217","72143651213111","1","11","1","12988931","12988931","568","True",""
"2218","72143651312111","1","11","1","12780243","12780243","571","True",""
"2219","72143652111311","1","11","1","13016535","13016535","569","True",""
"2220","72143653111211","1","11","1","12951838","12951838","573","True",""
"2221","72145631233223","1","11","1","12739046","12739046","557","True",""
"2222","72145633232231","1","11","1","12785405","12785405","570","True",""
"2223","72145633312223","1","11","1","20667956","20667956","901","True",""
"2224","72146352232223","1","11","1","15279056","15279056","657","True",""
"2225","72163452122222","1","11","1","18960738","18960738","830","True",""
"2226","72163453121213","1","11","1","15954275","15954275","689","True",""
"2227","72163453131212","1","11","1","18028678","18028678","787","True",""
"2228","72163453133333","1","11","1","15423475","15423475","667","True",""
"2229","72163453331333","1","11","1","18992455","18992455","856","True",""
"2230","72164353131113","1","11","1","18521417","18521417","806","True",""
"2231","72165431113331","1","11","1","13202784","13202784","580","True",""
"2232","72165432111113","1","11","1","13724660","13724660","606","True",""
"2233","72165432111122","1","11","1","18255374","18255374","788","True",""
"2234","72165432211112","1","11","1","15006781","15006781","662","True",""
"2235","72165432323312","1","11","1","13269378","13269378","607","True",""
"2236","72165433111112","1","11","1","12901685","12901685","560","True",""
"2237","72165433121333","1","11","1","14254732","14254732","631","True",""
"2238","72165433221233","1","11","1","13573274","13573274","588","True",""
"2239","72165433233323","1","11","1","14673800","14673800","645","True",""
"2240","72165433321223","1","11","1","12616024","12616024","553","True",""
"2241","72165433331213","1","11","1","13913797","13913797","607","True",""
"2242","72345611111111","1","11","1","17963962","17963962","774","True",""
"2243","72345611133113","1","11","1","12347157","12347157","536","True",""
"2244","72345611221223","1","11","1","11226923","11226923","495","True",""
"2245","72345611222222","1","11","1","12186217","12186217","536","True",""
"2246","72345611331332","1","11","1","13148830","13148830","599","True",""
"2247","72345612122111","1","11","1","14062681","14062681","620","True",""
"2248","72345612331331","1","11","1","11127177","11127177","510","True",""
"2249","72345613221221","1","11","1","11858706","11858706","520","True",""
"2250","72345613333331","1","11","1","14993427","14993427","647","True",""
"2251","72356141112323","1","11","1","14416098","14416098","632","True",""
"2252","72356141232113","1","11","1","13307425","13307425","578","True",""
"2253","72356143211123","1","11","1","12744755","12744755","559","True",""
"2254","72361453232333","1","11","1","12793840","12793840","578","True",""
"2255","72361542333233","1","11","1","22869688","22869688","992","True",""
"2256","72365412222212","1","11","1","13988588","13988588","617","True",""
"2257","72365413121312","1","11","1","19903684","19903684","859","True",""
"2258","72365413131212","1","11","1","14544668","14544668","641","True",""
"2259","72365413331333","1","11","1","14827393","14827393","650","True",""
"2260","72435163333313","1","11","1","21010964","21010964","918","True",""
"2261","72513641232323","1","11","1","13278764","13278764","617","True",""
"2262","72513641233322","1","11","1","15480847","15480847","672","True",""
"2263","72516342313223","1","11","1","14418184","14418184","639","True",""
"2264","72531463321232","1","11","1","15865444","15865444","698","True",""
"2265","72534163211123","1","11","1","16539825","16539825","726","True",""
"2266","72541631111213","1","11","1","13584976","13584976","626","True",""
"2267","72541631111312","1","11","1","15103117","15103117","653","True",""
"2268","72541631112131","1","11","1","14141009","14141009","613","True",""
"2269","72541631113121","1","11","1","14690863","14690863","646","True",""
"2270","72541632131111","1","11","1","12977624","12977624","564","True",""
"2271","72541633121111","1","11","1","16092665","16092665","700","True",""
"2272","72543162311111","1","11","1","12376082","12376082","572","True",""
"2273","72543163211111","1","11","1","13747502","13747502","613","True",""
"2274","72543611221223","1","11","1","18143965","18143965","779","True",""
"2275","72543611223221","1","11","1","19006900","19006900","853","True",""
"2276","72543611331332","1","11","1","21460003","21460003","915","True",""
"2277","72543611332331","1","11","1","19273226","19273226","841","True",""
"2278","72543612331331","1","11","1","18239158","18239158","801","True",""
"2279","72543613132232","1","11","1","23245790","23245790","1023","True",""
"2280","72543613133222","1","11","1","18775131","18775131","835","True",""
"2281","72543613221221","1","11","1","19619680","19619680","871","True",""
"2282","72543613223312","1","11","1","21656705","21656705","949","True",""
"2283","72543613322312","1","11","1","22394348","22394348","1000","True",""
"2284","72546311323112","1","11","1","12805023","12805023","596","True",""
"2285","72546313323212","1","11","1","14315233","14315233","620","True",""
"2286","72561342313223","1","11","1","19244527","19244527","846","True",""
"2287","72561432213122","1","11","1","22777057","22777057","984","True",""
"2288","72561433221233","1","11","1","20185791","20185791","876","True",""
"2289","72561433311233","1","11","1","25986646","25986646","1108","True",""
"2290","72561433321133","1","11","1","21662550","21662550","949","True",""
"2291","72561433321223","1","11","1","21375566","21375566","939","True",""
"2292","72563411111213","1","11","1","13376365","13376365","587","True",""
"2293","72563411111312","1","11","1","13134641","13134641","599","True",""
"2294","72563411112131","1","11","1","18053388","18053388","810","True",""
"2295","72563411113121","1","11","1","14343151","14343151","629","True",""
"2296","72563412131111","1","11","1","13013490","13013490","574","True",""
"2297","72563413121111","1","11","1","12833903","12833903","566","True",""
"2298","72643513212311","1","11","1","13489482","13489482","605","True",""
"2299","72643513212332","1","11","1","12524727","12524727","546","True",""
"2300","73125463133132","1","11","1","14989854","14989854","651","True",""
"2301","73146522113231","1","11","1","12179239","12179239","545","True",""
"2302","73246153312211","1","11","1","13015502","13015502","565","True",""
"2303","73456123231322","1","11","1","14850434","14850434","641","True",""
"2304","73516243323113","1","11","1","12882194","12882194","570","True",""
"2305","73516243332131","1","11","1","13739005","13739005","605","True",""
"2306","73541262321212","1","11","1","17194436","17194436","770","True",""
"2307","73542163321133","1","11","1","17261314","17261314","757","True",""
"2308","73542613132121","1","11","1","12582675","12582675","572","True",""
"2309","73542613132322","1","11","1","12852942","12852942","568","True",""
"2310","73564213321322","1","11","1","16628814","16628814","736","True",""
"2311","73614251112323","1","11","1","17115938","17115938","755","True",""
"2312","73615241112323","1","11","1","22701779","22701779","981","True",""
"2313","73615241113322","1","11","1","18561555","18561555","816","True",""
"2314","73615242223133","1","11","1","18060337","18060337","812","True",""
"2315","73615243123313","1","11","1","17071879","17071879","736","True",""
"2316","73615243213313","1","11","1","17650971","17650971","774","True",""
"2317","73615243331312","1","11","1","17188567","17188567","765","True",""
"2318","73615243332311","1","11","1","17808849","17808849","798","True",""
"2319","73615421113322","1","11","1","13357002","13357002","593","True",""
"2320","73615423213211","1","11","1","17748876","17748876","779","True",""
"2321","73615423333331","1","11","1","14067464","14067464","628","True",""
"2322","73624513121132","1","11","1","22754161","22754161","992","True",""
"2323","73624513332131","1","11","1","20419233","20419233","897","True",""
"2324","73625141112323","1","11","1","16745134","16745134","755","True",""
"2325","73625143121213","1","11","1","14219643","14219643","634","True",""
"2326","73625143333313","1","11","1","14843756","14843756","685","True",""
"2327","73625412222323","1","11","1","14585268","14585268","684","True",""
"2328","73642511111111","1","11","1","19249419","19249419","852","True",""
"2329","73642511113232","1","11","1","16536760","16536760","724","True",""
"2330","73642511113322","1","11","1","16474678","16474678","735","True",""
"2331","73642513223222","1","11","1","17998406","17998406","801","True",""
"2332","73645121113211","1","11","1","16261962","16261962","710","True",""
"2333","73645122222311","1","11","1","15540667","15540667","678","True",""
"2334","73645211223113","1","11","1","11828802","11828802","563","True",""
"2335","73645211231111","1","11","1","15130464","15130464","679","True",""
"2336","73645211321111","1","11","1","11833888","11833888","541","True",""
"2337","73645211332112","1","11","1","12301957","12301957","549","True",""
"2338","73645213112231","1","11","1","12777233","12777233","557","True",""
"2339","73645213333112","1","11","1","13558702","13558702","606","True",""
"2340","73651241113322","1","11","1","14286377","14286377","622","True",""
"2341","73652413211312","1","11","1","15278195","15278195","699","True",""
"2342","73652413331321","1","11","1","17161190","17161190","738","True",""
"2343","73654122111122","1","11","1","19025450","19025450","810","True",""
"2344","73654122221111","1","11","1","13237741","13237741","568","True",""
"2345","73654211111132","1","11","1","15613434","15613434","697","True",""
"2346","74123563323221","1","11","1","12242414","12242414","545","True",""
"2347","74123652322121","1","11","1","19004470","19004470","810","True",""
"2348","74123653132232","1","11","1","24322867","24322867","1064","True",""
"2349","74123653133132","1","11","1","19785112","19785112","869","True",""
"2350","74123653133222","1","11","1","19594467","19594467","866","True",""
"2351","74123653133231","1","11","1","18045298","18045298","829","True",""
"2352","74125631313311","1","11","1","12959457","12959457","590","True",""
"2353","74125632121121","1","11","1","13544714","13544714","634","True",""
"2354","74125632122111","1","11","1","12547445","12547445","583","True",""
"2355","74125632131111","1","11","1","12946567","12946567","586","True",""
"2356","74125632321332","1","11","1","12576886","12576886","560","True",""
"2357","74125633121111","1","11","1","15834787","15834787","715","True",""
"2358","74125633131233","1","11","1","12331118","12331118","550","True",""
"2359","74125633132232","1","11","1","11213157","11213157","506","True",""
"2360","74125633133222","1","11","1","11856618","11856618","549","True",""
"2361","74125633133312","1","11","1","15785339","15785339","704","True",""
"2362","74125633332323","1","11","1","14824311","14824311","671","True",""
"2363","74126352333122","1","11","1","17501984","17501984","768","True",""
"2364","74132561321231","1","11","1","16459879","16459879","752","True",""
"2365","74132562121121","1","11","1","15290046","15290046","671","True",""
"2366","74132562122111","1","11","1","14314053","14314053","628","True",""
"2367","74132563131221","1","11","1","17630330","17630330","795","True",""
"2368","74132563132112","1","11","1","14381366","14381366","634","True",""
"2369","74136522322121","1","11","1","17775999","17775999","795","True",""
"2370","74152363132232","1","11","1","17479770","17479770","811","True",""
"2371","74152363133132","1","11","1","17598117","17598117","799","True",""
"2372","74152363133222","1","11","1","19882842","19882842","893","True",""
"2373","74152363133231","1","11","1","17563096","17563096","814","True",""
"2374","74156322122123","1","11","1","13370040","13370040","601","True",""
"2375","74156322122321","1","11","1","13700619","13700619","599","True",""
"2376","74156322313223","1","11","1","13725961","13725961","615","True",""
"2377","74156323132331","1","11","1","12951142","12951142","604","True",""
"2378","74156323133123","1","11","1","13367610","13367610","593","True",""
"2379","74163251121122","1","11","1","14869363","14869363","663","True",""
"2380","74163252112211","1","11","1","13779439","13779439","624","True",""
"2381","74163252131111","1","11","1","14848017","14848017","665","True",""
"2382","74163253121111","1","11","1","14739610","14739610","649","True",""
"2383","74163253131332","1","11","1","12386912","12386912","548","True",""
"2384","74163253133132","1","11","1","12193778","12193778","577","True",""
"2385","74163253133213","1","11","1","13214164","13214164","581","True",""
"2386","74163253133231","1","11","1","12581956","12581956","581","True",""
"2387","74163253332323","1","11","1","13506762","13506762","591","True",""
"2388","74165231121212","1","11","1","23268002","23268002","997","True",""
"2389","74165231131313","1","11","1","21883621","21883621","977","True",""
"2390","74165231212121","1","11","1","22152891","22152891","982","True",""
"2391","74165231313131","1","11","1","22856188","22856188","1017","True",""
"2392","74165232111212","1","11","1","23117880","23117880","1022","True",""
"2393","74165232121112","1","11","1","21990742","21990742","967","True",""
"2394","74165232121211","1","11","1","22264991","22264991","970","True",""
"2395","74165233111313","1","11","1","24055893","24055893","1037","True",""
"2396","74165233131113","1","11","1","22070638","22070638","954","True",""
"2397","74165233131311","1","11","1","23420030","23420030","1044","True",""
"2398","74165233131323","1","11","1","22184856","22184856","989","True",""
"2399","74165233132313","1","11","1","23877578","23877578","1051","True",""
"2400","74165233231313","1","11","1","23902788","23902788","1033","True",""
"2401","74213652323132","1","11","1","12797893","12797893","573","True",""
"2402","74251633111313","1","11","1","17499977","17499977","756","True",""
"2403","74256311321222","1","11","1","24347968","24347968","1072","True",""
"2404","74256313111232","1","11","1","28312589","28312589","1244","True",""
"2405","74265312333233","1","11","1","14715133","14715133","648","True",""
"2406","74312652333332","1","11","1","14687645","14687645","661","True",""
"2407","74321563311131","1","11","1","15755381","15755381","687","True",""
"2408","74321653233323","1","11","1","16046546","16046546","727","True",""
"2409","74325163131323","1","11","1","17095126","17095126","777","True",""
"2410","74325612221222","1","11","1","13944081","13944081","628","True",""
"2411","74325613121312","1","11","1","17772814","17772814","789","True",""
"2412","74325613131212","1","11","1","13961658","13961658","621","True",""
"2413","74325613133333","1","11","1","14977765","14977765","690","True",""
"2414","74361253112132","1","11","1","16865632","16865632","770","True",""
"2415","74361253211231","1","11","1","12317221","12317221","557","True",""
"2416","74365211121221","1","11","1","13460442","13460442","603","True",""
"2417","74365211213111","1","11","1","12691451","12691451","610","True",""
"2418","74365211312111","1","11","1","12524271","12524271","590","True",""
"2419","74365211313113","1","11","1","13862989","13862989","609","True",""
"2420","74365211333111","1","11","1","13808472","13808472","614","True",""
"2421","74365212111311","1","11","1","12781771","12781771","559","True",""
"2422","74365212222323","1","11","1","13154429","13154429","596","True",""
"2423","74365212333332","1","11","1","12507997","12507997","563","True",""
"2424","74365213111211","1","11","1","13388701","13388701","617","True",""
"2425","74365213121333","1","11","1","13052167","13052167","574","True",""
"2426","74512361322233","1","11","1","17022733","17022733","752","True",""
"2427","74512362313223","1","11","1","12721832","12721832","559","True",""
"2428","74513263121222","1","11","1","25897509","25897509","1157","True",""
"2429","74521632222212","1","11","1","17070180","17070180","766","True",""
"2430","74521633121213","1","11","1","19166459","19166459","833","True",""
"2431","74521633121312","1","11","1","17633171","17633171","770","True",""
"2432","74521633133333","1","11","1","19485397","19485397","868","True",""
"2433","74521633333313","1","11","1","17424326","17424326","779","True",""
"2434","74523611121113","1","11","1","13397051","13397051","596","True",""
"2435","74523611131112","1","11","1","13873655","13873655","616","True",""
"2436","74523611213111","1","11","1","13685400","13685400","606","True",""
"2437","74523611312111","1","11","1","13001006","13001006","607","True",""
"2438","74523612111311","1","11","1","13523902","13523902","594","True",""
"2439","74523613111211","1","11","1","12961407","12961407","583","True",""
"2440","74532163123223","1","11","1","15492488","15492488","691","True",""
"2441","74561231111222","1","11","1","13652783","13652783","625","True",""
"2442","74561232111113","1","11","1","13859098","13859098","605","True",""
"2443","74561232221111","1","11","1","15362791","15362791","681","True",""
"2444","74561233111112","1","11","1","14979516","14979516","656","True",""
"2445","74561233131233","1","11","1","13459994","13459994","612","True",""
"2446","74561233233323","1","11","1","15852528","15852528","711","True",""
"2447","74561233311233","1","11","1","13484991","13484991","605","True",""
"2448","74561233321133","1","11","1","13292765","13292765","584","True",""
"2449","74561233321313","1","11","1","16208828","16208828","707","True",""
"2450","74563211232332","1","11","1","13310375","13310375","589","True",""
"2451","74653213133222","1","11","1","15625386","15625386","704","True",""
"2452","75132463233233","1","11","1","15543424","15543424","675","True",""
"2453","75143263231313","1","11","1","18855989","18855989","826","True",""
"2454","75146321323331","1","11","1","17146148","17146148","774","True",""
"2455","75213642223133","1","11","1","14860070","14860070","659","True",""
"2456","75231463211123","1","11","1","21567686","21567686","945","True",""
"2457","75234161322233","1","11","1","13329813","13329813","599","True",""
"2458","75234162221111","1","11","1","17622297","17622297","783","True",""
"2459","75236143213232","1","11","1","12422752","12422752","572","True",""
"2460","75241632222323","1","11","1","15259505","15259505","670","True",""
"2461","75243162211322","1","11","1","25995090","25995090","1135","True",""
"2462","75243611113232","1","11","1","13753736","13753736","618","True",""
"2463","75243613213232","1","11","1","11985350","11985350","538","True",""
"2464","75246131333312","1","11","1","16838391","16838391","735","True",""
"2465","75246311111111","1","11","1","31939993","31939993","1387","True",""
"2466","75246313212311","1","11","1","14200034","14200034","623","True",""
"2467","75246313312211","1","11","1","13789598","13789598","611","True",""
"2468","75246313332332","1","11","1","13792565","13792565","608","True",""
"2469","75261432123233","1","11","1","15730905","15730905","689","True",""
"2470","75264132121232","1","11","1","16349247","16349247","733","True",""
"2471","75264132223331","1","11","1","12792665","12792665","610","True",""
"2472","75264132321212","1","11","1","17189823","17189823","764","True",""
"2473","75264133121333","1","11","1","13824350","13824350","625","True",""
"2474","75264133331213","1","11","1","14013074","14013074","611","True",""
"2475","75264311223122","1","11","1","14922536","14922536","672","True",""
"2476","75264313231112","1","11","1","17139406","17139406","787","True",""
"2477","75312463333133","1","11","1","17619091","17619091","799","True",""
"2478","75314621133221","1","11","1","11183040","11183040","526","True",""
"2479","75314621313212","1","11","1","24385504","24385504","1083","True",""
"2480","75314623113122","1","11","1","12574276","12574276","554","True",""
"2481","75316241231231","1","11","1","17586656","17586656","782","True",""
"2482","75321461311112","1","11","1","13683953","13683953","620","True",""
"2483","75321463132121","1","11","1","12382198","12382198","557","True",""
"2484","75346122133133","1","11","1","15708624","15708624","742","True",""
"2485","75346211133122","1","11","1","13111996","13111996","597","True",""
"2486","75346211211311","1","11","1","16655666","16655666","750","True",""
"2487","75346211311211","1","11","1","12369806","12369806","545","True",""
"2488","75346212323333","1","11","1","15805227","15805227","712","True",""
"2489","75346213112132","1","11","1","11840208","11840208","517","True",""
"2490","75346213132121","1","11","1","12365695","12365695","573","True",""
"2491","75346213132322","1","11","1","12485802","12485802","560","True",""
"2492","75346213332122","1","11","1","13245113","13245113","590","True",""
"2493","75412631223332","1","11","1","11426927","11426927","507","True",""
"2494","75416323232213","1","11","1","15305790","15305790","675","True",""
"2495","75431263133213","1","11","1","17482861","17482861","764","True",""
"2496","75462132123212","1","11","1","23078724","23078724","1013","True",""
"2497","75613243131332","1","11","1","17676568","17676568","777","True",""
"2498","75613243133213","1","11","1","14377660","14377660","630","True",""
"2499","75634123323122","1","11","1","13763205","13763205","607","True",""
"2500","75641323232111","1","11","1","13035686","13035686","590","True",""
"2501","75642132213311","1","11","1","12612228","12612228","563","True",""
"2502","76123453233323","1","11","1","13480214","13480214","591","True",""
"2503","76125343333133","1","11","1","17851055","17851055","797","True",""
"2504","76143252131312","1","11","1","14851010","14851010","671","True",""
"2505","76143252221222","1","11","1","15102489","15102489","682","True",""
"2506","76143253131212","1","11","1","15291811","15291811","672","True",""
"2507","76143253331333","1","11","1","14159524","14159524","626","True",""
"2508","76143253333313","1","11","1","19862072","19862072","891","True",""
"2509","76145231121113","1","11","1","12588068","12588068","585","True",""
"2510","76145231122112","1","11","1","21806126","21806126","953","True",""
"2511","76145231131112","1","11","1","13607014","13607014","603","True",""
"2512","76145231221112","1","11","1","21765897","21765897","955","True",""
"2513","76145231311331","1","11","1","12258715","12258715","540","True",""
"2514","76145232123332","1","11","1","13154009","13154009","590","True",""
"2515","76145232233213","1","11","1","16261764","16261764","710","True",""
"2516","76145232331313","1","11","1","12651741","12651741","550","True",""
"2517","76145232332213","1","11","1","16821819","16821819","751","True",""
"2518","76145233133213","1","11","1","13439994","13439994","605","True",""
"2519","76145233232333","1","11","1","12773622","12773622","582","True",""
"2520","76154323333112","1","11","1","15595704","15595704","683","True",""
"2521","76213543213133","1","11","1","16106826","16106826","742","True",""
"2522","76213543311332","1","11","1","15107340","15107340","667","True",""
"2523","76215341231231","1","11","1","14502693","14502693","657","True",""
"2524","76215433333133","1","11","1","17185603","17185603","758","True",""
"2525","76231451123111","1","11","1","13769458","13769458","605","True",""
"2526","76245311121131","1","11","1","13366301","13366301","593","True",""
"2527","76245311131121","1","11","1","12035733","12035733","533","True",""
"2528","76245311213312","1","11","1","12726863","12726863","562","True",""
"2529","76245312132131","1","11","1","12989873","12989873","584","True",""
"2530","76245313122122","1","11","1","12649304","12649304","557","True",""
"2531","76245313123121","1","11","1","12730021","12730021","564","True",""
"2532","76253141123132","1","11","1","11792464","11792464","524","True",""
"2533","76253141211332","1","11","1","11563080","11563080","521","True",""
"2534","76253413322312","1","11","1","15875183","15875183","692","True",""
"2535","76254133311323","1","11","1","25444920","25444920","1115","True",""
"2536","76254313211111","1","11","1","22633517","22633517","1013","True",""
"2537","76312452212111","1","11","1","23521407","23521407","1048","True",""
"2538","76312453211111","1","11","1","13761242","13761242","645","True",""
"2539","76312453311311","1","11","1","15131273","15131273","691","True",""
"2540","76312542321212","1","11","1","14775685","14775685","654","True",""
"2541","76312542322121","1","11","1","13847239","13847239","619","True",""
"2542","76312543322222","1","11","1","18348707","18348707","824","True",""
"2543","76315241112113","1","11","1","14484592","14484592","648","True",""
"2544","76315241113112","1","11","1","12408624","12408624","557","True",""
"2545","76315241223113","1","11","1","12085255","12085255","530","True",""
"2546","76315241322122","1","11","1","12800409","12800409","571","True",""
"2547","76315241323313","1","11","1","13490155","13490155","588","True",""
"2548","76315241332112","1","11","1","12348099","12348099","547","True",""
"2549","76315243211231","1","11","1","11739704","11739704","556","True",""
"2550","76315243323323","1","11","1","14122400","14122400","669","True",""
"2551","76321452122123","1","11","1","20125145","20125145","926","True",""
"2552","76321452122321","1","11","1","20527301","20527301","944","True",""
"2553","76321452122333","1","11","1","20124518","20124518","890","True",""
"2554","76321452123323","1","11","1","23343286","23343286","1077","True",""
"2555","76321452212231","1","11","1","19486239","19486239","863","True",""
"2556","76321452213122","1","11","1","20472827","20472827","924","True",""
"2557","76321453233131","1","11","1","21395260","21395260","948","True",""
"2558","76321453311233","1","11","1","24446176","24446176","1088","True",""
"2559","76321453313312","1","11","1","22973445","22973445","1025","True",""
"2560","76321453321133","1","11","1","20400933","20400933","922","True",""
"2561","76321453323311","1","11","1","23423557","23423557","1034","True",""
"2562","76321542211112","1","11","1","19493424","19493424","857","True",""
"2563","76321543211111","1","11","1","13099046","13099046","593","True",""
"2564","76321543311131","1","11","1","14470582","14470582","663","True",""
"2565","76324151112233","1","11","1","13441849","13441849","652","True",""
"2566","76324151112323","1","11","1","16254710","16254710","717","True",""
"2567","76324153323122","1","11","1","13284654","13284654","593","True",""
"2568","76325411111213","1","11","1","13907535","13907535","618","True",""
"2569","76325411111312","1","11","1","17163044","17163044","762","True",""
"2570","76325411112131","1","11","1","12706456","12706456","580","True",""
"2571","76325411113121","1","11","1","13936805","13936805","618","True",""
"2572","76325411122121","1","11","1","13764445","13764445","617","True",""
"2573","76325411331311","1","11","1","14826775","14826775","678","True",""
"2574","76325412112121","1","11","1","17283443","17283443","763","True",""
"2575","76325412231212","1","11","1","14857017","14857017","654","True",""
"2576","76325412333233","1","11","1","14770942","14770942","686","True",""
"2577","76325413222223","1","11","1","13671939","13671939","646","True",""
"2578","76341251111213","1","11","1","13570892","13570892","599","True",""
"2579","76341251111312","1","11","1","16919956","16919956","745","True",""
"2580","76341251112131","1","11","1","14944125","14944125","671","True",""
"2581","76341251113121","1","11","1","13697119","13697119","611","True",""
"2582","76341251221121","1","11","1","14355221","14355221","638","True",""
"2583","76341251311313","1","11","1","13757338","13757338","617","True",""
"2584","76341252232313","1","11","1","13430775","13430775","602","True",""
"2585","76341252323333","1","11","1","14729741","14729741","668","True",""
"2586","76341253221212","1","11","1","15154243","15154243","678","True",""
"2587","76341253233131","1","11","1","12196600","12196600","560","True",""
"2588","76342511111231","1","11","1","11489135","11489135","519","True",""
"2589","76342511111321","1","11","1","14781587","14781587","658","True",""
"2590","76342511323112","1","11","1","12143455","12143455","560","True",""
"2591","76342512232223","1","11","1","14563173","14563173","661","True",""
"2592","76342513213112","1","11","1","17682066","17682066","777","True",""
"2593","76342513322111","1","11","1","18406284","18406284","826","True",""
"2594","76342513323122","1","11","1","12851996","12851996","573","True",""
"2595","76342513323212","1","11","1","13855127","13855127","616","True",""
"2596","76345122211112","1","11","1","18924162","18924162","844","True",""
"2597","76345122211121","1","11","1","15170163","15170163","696","True",""
"2598","76345122213311","1","11","1","12667280","12667280","603","True",""
"2599","76345122311111","1","11","1","15301200","15301200","687","True",""
"2600","76345123211111","1","11","1","12911698","12911698","588","True",""
"2601","76345123311113","1","11","1","14919487","14919487","666","True",""
"2602","76345123311131","1","11","1","14243009","14243009","664","True",""
"2603","76345123312211","1","11","1","12141581","12141581","545","True",""
"2604","76351421112323","1","11","1","17528480","17528480","801","True",""
"2605","76351421113322","1","11","1","13036558","13036558","581","True",""
"2606","76351423321232","1","11","1","13774755","13774755","629","True",""
"2607","76354121121212","1","11","1","16117074","16117074","737","True",""
"2608","76354121122121","1","11","1","13529547","13529547","620","True",""
"2609","76354121311313","1","11","1","13792460","13792460","637","True",""
"2610","76354121313131","1","11","1","15198496","15198496","675","True",""
"2611","76354122111212","1","11","1","17668315","17668315","790","True",""
"2612","76354122112121","1","11","1","14702297","14702297","659","True",""
"2613","76354122212222","1","11","1","14028227","14028227","650","True",""
"2614","76354123211123","1","11","1","15031385","15031385","679","True",""
"2615","76354123211132","1","11","1","13056149","13056149","594","True",""
"2616","76354123313333","1","11","1","15334840","15334840","680","True",""
"2617","76354212213323","1","11","1","13951928","13951928","627","True",""
"2618","76354212312233","1","11","1","14347420","14347420","639","True",""
"2619","76354212313322","1","11","1","15279820","15279820","696","True",""
"2620","76354212333332","1","11","1","14047447","14047447","631","True",""
"2621","76354213222223","1","11","1","13779490","13779490","620","True",""
"2622","76354213312223","1","11","1","12926861","12926861","586","True",""
"2623","76421351131121","1","11","1","11161595","11161595","497","True",""
"2624","76512343213313","1","11","1","22361445","22361445","985","True",""
"2625","76512343332311","1","11","1","22305781","22305781","998","True",""
"2626","76514321112323","1","11","1","14951691","14951691","665","True",""
"2627","76514321232113","1","11","1","13783766","13783766","620","True",""
"2628","76521433232333","1","11","1","13333179","13333179","596","True",""
"2629","76523413223231","1","11","1","14032368","14032368","623","True",""
"2630","76524313331222","1","11","1","17346224","17346224","786","True",""
"2631","76541232131213","1","11","1","22919624","22919624","1020","True",""
"2632","76541232221222","1","11","1","14093236","14093236","631","True",""
"2633","76541233121213","1","11","1","14534178","14534178","649","True",""
"2634","76541233331333","1","11","1","15648380","15648380","693","True",""
"2635","76541233333313","1","11","1","17694625","17694625","807","True",""
"2636","76543211111111","1","11","1","30060409","30060409","1341","True",""
"2637","76543211212112","1","11","1","15433184","15433184","691","True",""
"2638","76543211223221","1","11","1","12522582","12522582","606","True",""
"2639","76543211332331","1","11","1","12505686","12505686","577","True",""
"2640","76543211333333","1","11","1","13827607","13827607","649","True",""
"2641","76543212132323","1","11","1","13786179","13786179","626","True",""
"2642","76543212222221","1","11","1","13232359","13232359","593","True",""
"2643","76543212323213","1","11","1","13598402","13598402","606","True",""
"2644","76543213113131","1","11","1","13687736","13687736","607","True",""
